record_id,redcap_survey_identifier,household_sex_toy_usage_survey_timestamp,consent,screening_age,screening_usage,country_origin,country_name,age,gender_birth,gender_expression,gender_other,employment,employment_other,career,career_other,household_income,access_sextoys,access_no___1,access_no___2,access_no___3,access_no___4,access_no___5,access_no___6,access_no___7,access_no_other,own_trad_sextoys,categorize_sextoys___1,categorize_sextoys___2,categorize_sextoys___3,categorize_sextoys___4,categorize_sextoys___5,household_select___1,household_select___2,household_select___3,household_select___4,household_select___5,household_select___6,household_select___7,household_select___8,household_select___9,household_select___10,householditem_other,toothbrush_satisfaction,household_recommend_1,showerhead_satisfaction,showerhead_recommend,washmachine_satisfaction,washmachine_recommend,massagewand_satisfaction,massagewand_recommend,silktie_satisfaction,silktie_recommend,icecube_satisfaction,icecube_recommend,produce_satisfaction,produce_recommend,furniture_satisfaction,furniture_recommend,pillow_satisfaction,pillow_recommend,other_satisfaction,other_recommend,household_cost,safety_concerns___1,safety_concerns___2,safety_concerns___3,safety_concerns___4,safety_concerns___5,safety_concerns___6,safety_concerns___7,other_concern,household_sex_toy_usage_survey_complete
12,,"2023-06-24 15:46:31",Yes,1,1,1,,5,2,2,,6,,14,,6,1,0,0,0,0,0,0,0,,1,1,0,0,0,1,0,1,0,0,0,0,0,0,0,1,"Regular toothbrush ",,,50,,,,,,,,,,,,,,,,68,,2,0,1,0,1,0,0,0,,2
13,,"[not completed]",Yes,1,1,,,,,,,,,,,,,0,0,0,0,0,0,0,,,0,0,0,0,0,0,0,0,0,0,0,0,0,0,0,,,,,,,,,,,,,,,,,,,,,,,0,0,0,0,0,0,0,,0
14,,"2023-06-24 15:56:07",Yes,1,1,1,,4,1,1,,1,,6,,5,1,0,0,0,0,0,0,0,,1,1,1,0,0,0,0,1,0,1,0,0,0,0,0,0,,,,69,,,,83,,,,,,,,,,,,,,5,1,1,0,0,0,0,0,,2
15,,"2023-06-24 15:56:55",Yes,1,1,1,,3,2,2,,1,,11,,4,1,0,0,0,0,0,0,0,,1,0,1,0,1,0,0,0,0,0,0,0,0,0,0,1,"magic marker",,,,,,,,,,,,,,,,,,,,34,1,0,1,0,0,0,0,0,,2
16,,"[not completed]",Yes,1,,,,,,,,,,,,,,0,0,0,0,0,0,0,,,0,0,0,0,0,0,0,0,0,0,0,0,0,0,0,,,,,,,,,,,,,,,,,,,,,,,0,0,0,0,0,0,0,,0
17,,"2023-06-24 16:03:36",Yes,1,1,1,,5,2,2,,6,,5,,7,1,0,0,0,0,0,0,0,,1,1,0,1,0,1,0,0,0,0,0,0,1,0,0,0,,,,,,,,,,,,,,71,,,,,,,,1,1,1,1,0,0,0,0,,2
18,,"2023-06-24 16:04:25",Yes,1,1,2,Uk,3,2,2,,3,,2,,6,1,0,0,0,0,0,0,0,,1,0,0,1,1,1,0,1,0,0,0,0,1,0,0,0,,,,78,,,,,,,,,,76,,,,,,,,3,0,1,1,0,0,0,0,,2
19,,"2023-06-24 16:04:29",Yes,1,1,1,,3,2,2,,1,,18,,5,1,0,0,0,0,0,0,0,,1,1,0,1,0,0,0,1,0,0,1,1,1,0,0,0,,,,90,,,,,,28,,50,,77,,,,,,,,4,1,1,1,1,0,0,0,,2
20,,"[not completed]",Yes,,,,,,,,,,,,,,,0,0,0,0,0,0,0,,,0,0,0,0,0,0,0,0,0,0,0,0,0,0,0,,,,,,,,,,,,,,,,,,,,,,,0,0,0,0,0,0,0,,0
21,,"[not completed]",Yes,,,,,,,,,,,,,,,0,0,0,0,0,0,0,,,0,0,0,0,0,0,0,0,0,0,0,0,0,0,0,,,,,,,,,,,,,,,,,,,,,,,0,0,0,0,0,0,0,,0
22,,"2023-06-24 16:11:15",Yes,1,1,1,,2,2,2,,1,,4,,7,0,0,1,0,1,1,0,0,,0,0,0,0,0,0,0,0,0,0,0,0,0,0,0,1,None,,,,,,,,,,,,,,,,,,,,,,0,0,0,0,0,0,0,,2
23,,"2023-06-24 16:12:32",Yes,1,1,1,,6,2,2,,6,,21,"Construction and manufacturing ",6,1,0,0,0,0,0,0,0,,0,0,0,0,0,0,0,1,0,0,1,0,0,0,0,0,,,,75,,,,,,50,,,,,,,,,,,,2,0,0,1,0,0,0,0,,2
24,,"2023-06-24 16:14:30",Yes,1,1,1,,3,1,1,,1,,11,,7,1,0,0,0,0,0,0,0,,1,1,1,1,0,0,0,1,0,0,0,0,0,0,1,0,,,,65,,,,,,,,,,,,,,77,,,,4,1,1,0,0,0,0,0,,2
25,,"2023-06-24 16:12:58",Yes,1,2,,,,,,,,,,,,,0,0,0,0,0,0,0,,,0,0,0,0,0,0,0,0,0,0,0,0,0,0,0,,,,,,,,,,,,,,,,,,,,,,,0,0,0,0,0,0,0,,2
26,,"2023-06-24 16:16:36",Yes,1,1,2,Brazil,1,2,3,,2,,1,,,1,0,0,0,0,0,0,0,,1,1,1,0,0,0,0,1,0,0,0,0,0,0,0,1,"hair brush",,,65,,,,,,,,,,,,,,,,71,,2,1,1,1,0,0,0,0,,2
27,,"[not completed]",Yes,1,1,,,,,,,,,,,,,0,0,0,0,0,0,0,,,0,0,0,0,0,0,0,0,0,0,0,0,0,0,0,,,,,,,,,,,,,,,,,,,,,,,0,0,0,0,0,0,0,,0
28,,"2023-06-24 16:32:11",Yes,1,1,2,,1,2,2,,1,,4,,4,1,0,0,0,0,0,0,0,,1,0,0,1,0,0,0,1,0,0,0,0,0,0,0,0,,,,66,,,,,,,,,,,,,,,,,,6,0,0,0,1,0,0,0,,2
29,,"2023-06-24 16:34:08",Yes,1,2,,,,,,,,,,,,,0,0,0,0,0,0,0,,,0,0,0,0,0,0,0,0,0,0,0,0,0,0,0,,,,,,,,,,,,,,,,,,,,,,,0,0,0,0,0,0,0,,2
30,,"2023-06-24 16:35:52",Yes,1,2,,,,,,,,,,,,,0,0,0,0,0,0,0,,,0,0,0,0,0,0,0,0,0,0,0,0,0,0,0,,,,,,,,,,,,,,,,,,,,,,,0,0,0,0,0,0,0,,2
31,,"2023-06-24 16:36:36",Yes,1,2,,,,,,,,,,,,,0,0,0,0,0,0,0,,,0,0,0,0,0,0,0,0,0,0,0,0,0,0,0,,,,,,,,,,,,,,,,,,,,,,,0,0,0,0,0,0,0,,2
32,,"2023-06-24 16:44:12",Yes,1,1,1,,2,2,1,,3,,6,,7,1,0,0,0,0,0,0,0,,1,1,1,1,0,1,1,1,0,1,0,1,1,0,1,1,"wood carving",95,,88,,,,89,,,,67,,63,,,,,30,72,,4,1,1,1,0,1,0,0,,2
33,,"[not completed]",Yes,1,1,,,,,,,,,,,,,0,0,0,0,0,0,0,,,0,0,0,0,0,0,0,0,0,0,0,0,0,0,0,,,,,,,,,,,,,,,,,,,,,,,0,0,0,0,0,0,0,,0
34,,"2023-06-24 16:45:18",Yes,1,1,2,"Aotearoa New Zealand",1,1,6,,4,,8,,7,1,0,0,0,0,0,0,0,,1,1,1,1,1,0,0,1,0,0,1,1,1,0,0,1,"Water bottles",,,36,,,,,,62,,64,,25,,,,,,79,,2,0,0,0,1,0,0,0,,2
35,,"2023-06-24 16:49:52",Yes,1,2,,,,,,,,,,,,,0,0,0,0,0,0,0,,,0,0,0,0,0,0,0,0,0,0,0,0,0,0,0,,,,,,,,,,,,,,,,,,,,,,,0,0,0,0,0,0,0,,2
36,,"2023-06-24 16:53:19",Yes,1,2,,,,,,,,,,,,,0,0,0,0,0,0,0,,,0,0,0,0,0,0,0,0,0,0,0,0,0,0,0,,,,,,,,,,,,,,,,,,,,,,,0,0,0,0,0,0,0,,2
37,,"[not completed]",Yes,1,1,1,,1,2,2,,1,,21,,,1,0,0,0,0,0,0,0,,1,1,1,1,1,1,1,0,0,0,0,1,0,0,0,1," brush",,,,,,,,,,,,,,,,,,,,,,0,0,0,0,0,0,0,,0
38,,"[not completed]",Yes,,,,,,,,,,,,,,,0,0,0,0,0,0,0,,,0,0,0,0,0,0,0,0,0,0,0,0,0,0,0,,,,,,,,,,,,,,,,,,,,,,,0,0,0,0,0,0,0,,0
39,,"[not completed]",Yes,,,,,,,,,,,,,,,0,0,0,0,0,0,0,,,0,0,0,0,0,0,0,0,0,0,0,0,0,0,0,,,,,,,,,,,,,,,,,,,,,,,0,0,0,0,0,0,0,,0
40,,"2023-06-24 17:16:43",Yes,1,1,1,,1,1,1,,2,,13,,5,1,0,0,0,0,0,0,0,,1,1,1,0,0,0,1,1,0,0,0,1,1,0,0,0,,100,,84,,,,,,,,63,,31,,,,,,,,3,1,1,1,0,0,0,0,,2
41,,"2023-06-24 17:26:01",Yes,1,1,1,,2,2,2,,2,,6,,1,1,0,0,0,0,0,0,0,,1,0,1,0,1,1,0,1,0,0,0,1,0,1,1,0,,,,78,,,,,,,,92,,,,78,,80,,,,,1,0,0,0,0,0,0,,2
42,,"2023-06-24 17:26:16",Yes,1,1,2,,4,2,2,,1,,4,,7,1,0,0,0,0,0,0,0,,0,0,0,0,0,0,0,0,0,0,0,0,0,0,0,1,"hairbrush handle",,,,,,,,,,,,,,,,,,,81,,1,0,0,0,0,0,0,0,,2
43,,"2023-06-24 17:26:49",Yes,1,1,1,,2,2,2,,1,,5,,6,0,0,0,0,1,0,0,0,,0,0,0,0,0,0,0,1,0,0,0,0,0,0,0,0,,,,67,,,,,,,,,,,,,,,,,,4,0,0,0,0,0,0,0,,2
44,,"2023-06-24 17:32:13",Yes,1,1,2,Canada,1,1,1,,5,,9,,,1,0,0,0,0,0,0,0,,1,1,1,0,0,0,0,0,0,0,0,1,0,0,0,1,"Hair brush",,,,,,,,,,,79,,,,,,,,95,,2,0,1,1,0,0,0,0,,2
45,,"[not completed]",Yes,1,1,1,,2,1,1,,1,,4,,7,1,0,0,0,0,0,0,0,,1,1,1,1,0,0,1,1,0,0,0,1,0,1,1,0,,,,,,,,,,,,,,,,,,,,,,,0,0,0,0,0,0,0,,0
46,,"2023-06-24 17:34:28",Yes,1,1,1,,2,1,3,,4,,21,"disabled ",3,1,0,0,0,0,0,0,0,,1,1,0,0,0,0,1,0,0,0,1,0,0,1,1,0,,78,,,,,,,,100,,,,,,78,,100,,,,1,0,1,0,0,0,0,0,,2
47,,"2023-06-24 17:34:44",Yes,1,1,1,,1,1,5,,5,,8,,6,1,0,0,0,0,0,0,0,,1,1,1,0,0,0,1,1,0,0,1,0,0,1,0,0,,52,,100,,,,,,70,,,,,,56,,,,,,4,0,1,0,1,0,0,0,,2
48,,"2023-06-24 17:35:14",Yes,1,1,2,Canada,2,1,1,,1,,10,,5,1,0,0,0,0,0,0,0,,1,1,0,0,0,0,0,1,0,0,0,0,1,1,1,0,,,,20,,,,,,,,,,11,,68,,84,,,,2,1,1,0,0,0,0,0,,2
49,,"2023-06-24 17:41:12",Yes,1,1,1,,3,2,1,,1,,6,,7,1,0,0,0,0,0,0,0,,1,1,1,1,1,1,1,1,0,1,0,1,1,0,0,1,"small plastic bottle",,,,,,,69,,,,79,,74,,,,,,72,,1,0,0,0,0,0,0,0,,2
50,,"2023-06-24 17:41:49",Yes,1,1,1,,1,1,1,,1,,2,,4,1,0,0,0,0,0,0,0,,1,1,1,1,0,0,1,1,0,0,0,1,0,0,0,0,,77,,100,,,,,,,,1,,,,,,,,,,3,0,0,1,0,0,0,0,,2
51,,"[not completed]",Yes,1,1,,,,,,,,,,,,,0,0,0,0,0,0,0,,,0,0,0,0,0,0,0,0,0,0,0,0,0,0,0,,,,,,,,,,,,,,,,,,,,,,,0,0,0,0,0,0,0,,0
52,,"[not completed]",Yes,1,1,2,Scotland,2,1,1,,1,,21,Hospitality,3,1,0,0,0,0,0,0,0,,1,1,1,1,0,0,0,0,0,0,0,0,0,0,0,0,,,,,,,,,,,,,,,,,,,,,,,0,0,0,0,0,0,0,,0
53,,"2023-06-24 17:50:45",Yes,1,1,1,,5,2,2,,1,,3,,7,1,0,0,0,0,0,0,0,,1,1,1,1,0,1,0,0,0,1,0,1,0,0,0,0,,,,,,,,79,,,,78,,,,,,,,,,6,1,1,0,0,0,0,0,,2
54,,"[not completed]",Yes,1,1,,,,,,,,,,,,,0,0,0,0,0,0,0,,,0,0,0,0,0,0,0,0,0,0,0,0,0,0,0,,,,,,,,,,,,,,,,,,,,,,,0,0,0,0,0,0,0,,0
55,,"2023-06-24 17:50:40",Yes,1,2,,,,,,,,,,,,,0,0,0,0,0,0,0,,,0,0,0,0,0,0,0,0,0,0,0,0,0,0,0,,,,,,,,,,,,,,,,,,,,,,,0,0,0,0,0,0,0,,2
56,,"2023-06-24 17:53:29",Yes,1,1,1,,3,2,2,,1,,13,,5,1,0,0,0,0,0,0,0,,1,1,0,1,1,1,0,0,0,0,0,0,0,0,0,1,,,,,,,,,,,,,,,,,,,,,21,2,1,1,0,1,0,0,0,,2
57,,"2023-06-24 18:11:45",Yes,1,1,1,,4,1,1,,1,,11,,4,1,0,0,0,0,0,0,0,,1,1,1,1,0,0,0,1,0,0,0,0,1,0,0,1,"plastic bottles ",,,82,,,,,,,,,,,82,,,,,32,,1,0,1,0,0,0,0,0,,2
58,,"[not completed]",Yes,,,,,,,,,,,,,,,0,0,0,0,0,0,0,,,0,0,0,0,0,0,0,0,0,0,0,0,0,0,0,,,,,,,,,,,,,,,,,,,,,,,0,0,0,0,0,0,0,,0
59,,"2023-06-24 17:59:10",Yes,1,1,1,,3,2,2,,3,,4,,1,1,0,0,0,0,0,0,0,,1,1,1,1,0,1,0,1,0,1,0,0,0,0,0,0,,,,,,,,96,,,,,,,,,,,,,,4,1,1,1,1,0,0,0,,2
60,,"[not completed]",Yes,,,,,,,,,,,,,,,0,0,0,0,0,0,0,,,0,0,0,0,0,0,0,0,0,0,0,0,0,0,0,,,,,,,,,,,,,,,,,,,,,,,0,0,0,0,0,0,0,,0
61,,"2023-06-24 18:14:50",Yes,1,2,,,,,,,,,,,,,0,0,0,0,0,0,0,,,0,0,0,0,0,0,0,0,0,0,0,0,0,0,0,,,,,,,,,,,,,,,,,,,,,,,0,0,0,0,0,0,0,,2
62,,"[not completed]",Yes,,,,,,,,,,,,,,,0,0,0,0,0,0,0,,,0,0,0,0,0,0,0,0,0,0,0,0,0,0,0,,,,,,,,,,,,,,,,,,,,,,,0,0,0,0,0,0,0,,0
63,,"[not completed]",Yes,,,,,,,,,,,,,,,0,0,0,0,0,0,0,,,0,0,0,0,0,0,0,0,0,0,0,0,0,0,0,,,,,,,,,,,,,,,,,,,,,,,0,0,0,0,0,0,0,,0
64,,"2023-06-24 18:21:44",Yes,1,2,,,,,,,,,,,,,0,0,0,0,0,0,0,,,0,0,0,0,0,0,0,0,0,0,0,0,0,0,0,,,,,,,,,,,,,,,,,,,,,,,0,0,0,0,0,0,0,,2
65,,"2023-06-24 18:30:29",Yes,1,1,1,,2,1,1,,5,,8,,1,1,0,0,0,0,0,0,0,,1,1,1,0,0,0,0,1,0,0,0,0,0,1,1,1,hairbrush,,,76,,,,,,,,,,,,64,,100,,70,,2,0,1,0,0,0,0,0,,2
66,,"2023-06-24 18:38:14",Yes,2,,,,,,,,,,,,,,0,0,0,0,0,0,0,,,0,0,0,0,0,0,0,0,0,0,0,0,0,0,0,,,,,,,,,,,,,,,,,,,,,,,0,0,0,0,0,0,0,,2
67,,"2023-06-24 18:41:19",Yes,1,2,,,,,,,,,,,,,0,0,0,0,0,0,0,,,0,0,0,0,0,0,0,0,0,0,0,0,0,0,0,,,,,,,,,,,,,,,,,,,,,,,0,0,0,0,0,0,0,,2
68,,"2023-06-24 18:50:36",Yes,1,1,1,,4,2,2,,1,,5,,6,1,0,0,0,0,0,0,0,,1,1,1,0,0,0,0,0,0,0,0,0,0,0,0,1,massager,,,,,,,,,,,,,,,,,,,,,5,0,1,0,0,0,0,0,,2
69,,"[not completed]",Yes,,,,,,,,,,,,,,,0,0,0,0,0,0,0,,,0,0,0,0,0,0,0,0,0,0,0,0,0,0,0,,,,,,,,,,,,,,,,,,,,,,,0,0,0,0,0,0,0,,0
70,,"2023-06-24 18:55:34",Yes,1,1,1,,2,1,1,,6,,5,,7,1,0,0,0,0,0,0,0,,1,1,1,1,0,0,1,1,0,1,1,0,1,0,1,0,,70,,84,,,,38,,44,,,,60,,,,57,,,,5,0,0,0,1,0,0,0,,2
71,,"2023-06-24 19:08:31",Yes,1,1,1,,1,1,1,,1,,21,,3,1,0,0,0,0,0,0,0,,1,1,1,0,0,0,0,0,1,0,0,0,0,0,0,1,"hairbrush handle, razor handle",,,,,57,,,,,,,,,,,,,,65,,2,1,1,0,0,0,0,0,,2
72,,"[not completed]",Yes,1,1,1,,1,2,2,,5,,,,,0,1,0,0,1,1,0,0,,0,0,0,0,0,0,0,0,0,0,0,0,0,0,0,0,,,,,,,,,,,,,,,,,,,,,,,0,0,0,0,0,0,0,,0
73,,"[not completed]",Yes,,,,,,,,,,,,,,,0,0,0,0,0,0,0,,,0,0,0,0,0,0,0,0,0,0,0,0,0,0,0,,,,,,,,,,,,,,,,,,,,,,,0,0,0,0,0,0,0,,0
74,,"2023-06-24 19:18:07",Yes,1,1,1,,4,2,2,,1,,21,"Utility worker",6,1,0,0,0,0,0,0,0,,0,0,0,0,0,0,0,0,0,0,0,0,0,0,0,0,,,,,,,,,,,,,,,,,,,,,,,0,0,0,0,0,0,0,,2
75,,"2023-06-24 19:16:14",Yes,1,2,,,,,,,,,,,,,0,0,0,0,0,0,0,,,0,0,0,0,0,0,0,0,0,0,0,0,0,0,0,,,,,,,,,,,,,,,,,,,,,,,0,0,0,0,0,0,0,,2
76,,"2023-06-24 19:23:33",Yes,1,1,2,"New Zealand",2,2,2,,1,,19,,5,1,0,0,0,0,0,0,0,,1,1,1,1,1,1,0,1,0,1,0,0,1,1,1,0,,,,71,,,,100,,,,,,82,,59,,55,,,,5,1,1,1,0,0,0,0,,2
77,,"2023-06-24 19:32:17",Yes,1,2,,,,,,,,,,,,,0,0,0,0,0,0,0,,,0,0,0,0,0,0,0,0,0,0,0,0,0,0,0,,,,,,,,,,,,,,,,,,,,,,,0,0,0,0,0,0,0,,2
78,,"[not completed]",Yes,1,1,1,,2,1,1,,1,,11,,4,1,0,0,0,0,0,0,0,,1,1,0,0,0,0,1,0,0,1,0,0,0,0,0,0,,,,,,,,,,,,,,,,,,,,,,,0,0,0,0,0,0,0,,0
79,,"2023-06-24 19:46:18",Yes,1,1,2,Germany,3,1,1,,1,,11,,5,1,0,0,0,0,0,0,0,,1,1,1,1,0,1,0,1,0,1,0,1,0,0,1,1,"Deodorant Bottle",,,63,,,,70,,,,58,,,,,,78,,58,,3,1,0,0,0,0,0,0,,2
80,,"2023-06-24 19:54:44",Yes,1,1,1,,1,1,1,,5,,1,,3,1,0,0,0,0,0,0,0,,1,1,1,1,0,0,0,1,0,0,0,0,1,1,1,0,,,,100,,,,,,,,,,27,,77,,100,,,,3,0,1,0,0,0,0,0,,2
81,,"2023-06-24 19:55:05",Yes,1,2,,,,,,,,,,,,,0,0,0,0,0,0,0,,,0,0,0,0,0,0,0,0,0,0,0,0,0,0,0,,,,,,,,,,,,,,,,,,,,,,,0,0,0,0,0,0,0,,2
82,,"2023-06-24 19:57:30",Yes,1,1,1,,1,1,1,,4,,8,,1,1,0,0,0,0,0,0,0,,0,0,0,0,0,0,1,1,0,0,0,0,0,0,0,0,,88,,73,,,,,,,,,,,,,,,,,,5,0,0,0,0,0,0,0,,2
83,,"2023-06-24 20:02:27",Yes,1,1,2,Canada,2,1,1,,1,,1,,7,1,0,0,0,0,0,0,0,,1,1,1,0,0,1,0,1,0,0,0,1,0,0,0,0,,,,50,,,,,,,,50,,,,,,,,,,3,0,0,0,0,0,0,0,,2
84,,"2023-06-24 20:05:58",Yes,1,1,2,Canada,2,1,1,,1,,2,,7,1,0,0,0,0,0,0,0,,0,0,0,0,0,0,1,1,0,0,0,0,0,0,0,0,,49,,91,,,,,,,,,,,,,,,,,,4,0,0,0,0,0,0,0,,2
85,,"2023-06-24 20:02:46",Yes,1,2,,,,,,,,,,,,,0,0,0,0,0,0,0,,,0,0,0,0,0,0,0,0,0,0,0,0,0,0,0,,,,,,,,,,,,,,,,,,,,,,,0,0,0,0,0,0,0,,2
86,,"2023-06-24 20:07:57",Yes,1,1,2,Canada,2,1,1,,1,,2,,6,1,0,0,0,0,0,0,0,,1,1,1,1,1,1,1,1,1,1,0,1,0,0,1,1,"Brush handle ",64,,82,,71,,10,,,,76,,,,,,68,,48,,3,0,0,0,1,0,0,0,,2
87,,"2023-06-24 20:15:57",Yes,1,1,1,,2,1,3,,1,,11,,3,1,0,0,0,0,0,0,0,,1,1,1,1,0,0,0,1,0,0,0,1,0,1,0,1,,,,90,,,,,,,,59,,,,69,,,,72,,2,1,1,0,1,0,0,0,,2
88,,"2023-06-24 20:14:36",Yes,1,2,,,,,,,,,,,,,0,0,0,0,0,0,0,,,0,0,0,0,0,0,0,0,0,0,0,0,0,0,0,,,,,,,,,,,,,,,,,,,,,,,0,0,0,0,0,0,0,,2
89,,"[not completed]",Yes,,,,,,,,,,,,,,,0,0,0,0,0,0,0,,,0,0,0,0,0,0,0,0,0,0,0,0,0,0,0,,,,,,,,,,,,,,,,,,,,,,,0,0,0,0,0,0,0,,0
90,,"[not completed]",Yes,1,1,1,,3,2,2,,1,,2,,7,1,0,0,0,0,0,0,0,,1,1,0,0,0,1,1,0,0,1,0,0,0,0,0,0,,,,,,,,,,,,,,,,,,,,,,,0,0,0,0,0,0,0,,0
92,,"2023-06-24 20:23:24",Yes,1,2,,,,,,,,,,,,,0,0,0,0,0,0,0,,,0,0,0,0,0,0,0,0,0,0,0,0,0,0,0,,,,,,,,,,,,,,,,,,,,,,,0,0,0,0,0,0,0,,2
93,,"2023-06-24 20:31:46",Yes,1,1,1,,4,1,1,,1,,2,,7,1,0,0,0,0,0,0,0,,1,1,0,0,0,0,1,1,0,1,0,0,0,0,0,0,,88,,83,,,,93,,,,,,,,,,,,,,5,0,0,0,1,0,0,0,,2
94,,"2023-06-24 20:35:38",Yes,1,1,1,,2,2,2,,1,,1,,6,0,0,0,0,0,0,0,1,"Lack of interest",0,0,0,0,0,0,0,0,0,0,0,0,0,1,1,0,,,,,,,,,,,,,,,,,,,,,,1,0,1,0,0,0,0,0,,2
95,,"2023-06-24 20:37:39",Yes,1,1,2,Canada,2,1,1,,1,,4,,7,1,0,0,0,0,0,0,0,,1,1,1,0,0,1,0,1,0,1,0,0,0,0,1,1,,,,50,,,,66,,,,,,,,,,50,,61,,1,1,1,1,0,0,0,0,,2
96,,"[not completed]",Yes,,,,,,,,,,,,,,,0,0,0,0,0,0,0,,,0,0,0,0,0,0,0,0,0,0,0,0,0,0,0,,,,,,,,,,,,,,,,,,,,,,,0,0,0,0,0,0,0,,0
97,,"2023-06-24 20:45:09",Yes,1,1,1,,3,1,1,,1,,2,,7,1,0,0,0,0,0,0,0,,1,1,1,1,0,0,0,0,0,1,0,0,0,0,0,0,,,,,,,,89,,,,,,,,,,,,,,4,0,1,0,0,0,0,0,,2
98,,"2023-06-24 20:45:31",Yes,1,1,1,,5,2,2,,3,,6,,6,1,0,0,0,0,0,0,0,,1,1,1,1,0,0,0,0,0,0,1,0,1,0,0,0,,,,,,,,,,,,,,,,,,,,,,1,1,0,0,0,0,0,0,,2
99,,"2023-06-24 20:49:35",Yes,1,1,1,,5,1,1,,6,,1,,7,1,0,0,0,0,0,0,0,,1,1,1,1,1,1,0,1,0,1,0,0,1,0,0,0,,,,78,,,,88,,,,,,65,,,,,,,,5,1,1,0,0,0,0,0,,2
100,,"2023-06-24 20:55:56",Yes,1,1,2,"New Zealand ",2,1,1,,1,,5,,4,1,0,0,0,0,0,0,0,,1,1,1,0,0,0,0,0,0,0,0,0,0,0,1,0,,,,,,,,,,,,,,,,,,72,,,,4,0,1,0,0,0,0,0,,2
101,,"2023-06-24 21:00:49",Yes,1,1,1,,2,1,1,,1,,1,,3,1,0,0,0,0,0,0,0,,1,1,1,1,0,0,1,1,0,1,0,1,1,0,1,1,"hairbrush, glass soda bottles",63,,77,,,,100,,,,50,,69,,,,96,,77,,2,0,1,1,0,0,0,0,,2
102,,"2023-06-24 21:15:28",Yes,1,1,2,Canada,2,1,1,,4,,1,,7,1,0,0,0,0,0,0,0,,1,0,1,0,0,0,1,0,0,0,0,0,1,0,0,1,"Hairbrush, wine bottle",69,,,,,,,,,,,,71,,,,,,70,,3,1,1,1,1,1,0,0,,2
103,,"2023-06-24 21:20:33",Yes,1,1,1,,1,1,3,,4,,1,,2,1,0,0,0,0,0,0,0,,1,1,1,0,0,0,0,1,0,0,1,0,0,0,1,0,,,,92,,,,,,84,,,,,,,,16,,,,3,0,1,0,0,0,0,0,,2
104,,"2023-06-24 21:24:05",Yes,1,2,,,,,,,,,,,,,0,0,0,0,0,0,0,,,0,0,0,0,0,0,0,0,0,0,0,0,0,0,0,,,,,,,,,,,,,,,,,,,,,,,0,0,0,0,0,0,0,,2
105,,"[not completed]",Yes,,,,,,,,,,,,,,,0,0,0,0,0,0,0,,,0,0,0,0,0,0,0,0,0,0,0,0,0,0,0,,,,,,,,,,,,,,,,,,,,,,,0,0,0,0,0,0,0,,0
106,,"2023-06-24 21:31:00",Yes,1,1,2,"Netherlands ",3,2,2,,,,,,,1,0,0,0,0,0,0,0,,1,0,1,1,1,1,0,0,0,0,0,1,1,0,1,0,,,,,,,,,,,,65,,80,,,,27,,,,2,0,1,0,0,0,0,0,,2
107,,"2023-06-24 21:54:01",Yes,1,1,1,,1,1,1,,4,,10,,,1,0,0,0,0,0,0,0,,1,1,0,0,0,1,0,1,0,0,0,0,0,1,1,1,"hair brush ",,,66,,,,,,,,,,,,50,,35,,61,,3,1,1,0,0,0,0,0,,2
108,,"2023-06-24 21:59:32",Yes,1,1,1,,1,1,2,,8,"I am disabled and on SSI ",21,None,1,1,0,0,0,0,0,0,0,,1,1,1,1,0,0,0,0,0,1,0,0,0,1,1,1,"A sensory toy called glitter wands/glitter tubes. It's a long, thin plastic stick that has water and glitter inside.",,,,,,,94,,,,,,,,72,,86,,91,,3,1,1,1,0,0,0,0,,2
109,,"2023-06-24 21:58:30",Yes,1,1,1,,1,1,1,,1,,1,,5,1,0,0,0,0,0,0,0,,1,1,1,0,0,0,1,1,0,0,0,1,0,1,1,0,,99,,100,,,,,,,,50,,,,50,,77,,,,2,0,1,0,0,0,0,0,,2
110,,"2023-06-24 21:59:06",Yes,1,2,,,,,,,,,,,,,0,0,0,0,0,0,0,,,0,0,0,0,0,0,0,0,0,0,0,0,0,0,0,,,,,,,,,,,,,,,,,,,,,,,0,0,0,0,0,0,0,,2
111,,"2023-06-24 22:00:02",Yes,1,2,,,,,,,,,,,,,0,0,0,0,0,0,0,,,0,0,0,0,0,0,0,0,0,0,0,0,0,0,0,,,,,,,,,,,,,,,,,,,,,,,0,0,0,0,0,0,0,,2
112,,"2023-06-24 22:05:11",Yes,1,2,,,,,,,,,,,,,0,0,0,0,0,0,0,,,0,0,0,0,0,0,0,0,0,0,0,0,0,0,0,,,,,,,,,,,,,,,,,,,,,,,0,0,0,0,0,0,0,,2
113,,"2023-06-24 22:12:52",Yes,1,1,1,,2,1,1,,1,,8,,7,1,0,0,0,0,0,0,0,,1,1,1,1,1,1,0,1,0,1,1,1,0,0,1,0,,,,81,,,,58,,61,,100,,,,,,61,,,,4,1,0,0,0,0,0,0,,2
114,,"2023-06-24 22:17:49",Yes,1,1,1,,3,2,2,,1,,11,,5,1,0,0,0,0,0,0,0,,1,1,1,0,1,0,0,1,0,0,0,0,1,0,0,0,,,,70,,,,,,,,,,25,,,,,,,,3,1,1,1,0,0,0,0,,2
115,,"2023-06-24 22:22:06",Yes,1,1,2,"Australia ",2,1,1,,1,,1,,7,1,0,0,0,0,0,0,0,,1,1,0,0,0,0,0,1,0,1,0,0,0,0,0,0,,,,64,,,,83,,,,,,,,,,,,,,5,0,1,0,1,0,0,0,,2
116,,"2023-06-24 22:22:24",Yes,1,2,,,,,,,,,,,,,0,0,0,0,0,0,0,,,0,0,0,0,0,0,0,0,0,0,0,0,0,0,0,,,,,,,,,,,,,,,,,,,,,,,0,0,0,0,0,0,0,,2
117,,"2023-06-24 22:33:46",Yes,1,1,2,Ireland,1,1,5,,5,,8,,2,1,0,0,0,0,0,0,0,,1,1,1,1,1,0,1,1,1,1,0,1,1,1,1,0,,62,,78,,63,,92,,,,69,,53,,50,,50,,,,1,1,1,1,1,0,0,0,,2
118,,"2023-06-24 22:52:20",Yes,1,1,1,,1,1,1,,1,,16,,2,1,0,0,0,0,0,0,0,,1,1,0,0,0,0,1,1,0,0,0,0,0,0,0,0,,95,,100,,,,,,,,,,,,,,,,,,3,0,1,0,0,1,0,0,,2
119,,"2023-06-24 22:56:46",Yes,1,1,1,,1,2,2,,1,,4,,3,1,0,0,0,0,0,0,0,,1,1,0,1,0,1,1,0,0,0,0,0,0,0,1,0,,69,,,,,,,,,,,,,,,,63,,,,4,1,1,1,0,0,0,0,,2
120,,"2023-06-24 23:01:08",Yes,1,1,2,"United Kingdom",5,2,2,,6,,4,,5,1,0,0,0,0,0,0,0,,1,1,0,1,1,1,1,1,0,0,0,0,1,0,1,0,,34,,74,,,,,,,,,,61,,,,31,,,,2,0,1,0,0,0,0,0,,2
121,,"2023-06-24 23:04:24",Yes,1,1,1,,2,2,2,,1,,4,,6,1,0,0,0,0,0,0,0,,1,1,0,1,1,1,0,0,0,1,0,0,0,0,1,1,"Handles of kitchen spoons",,,,,,,100,,,,,,,,,,100,,67,,5,0,1,0,0,0,0,0,,2
122,,"2023-06-24 23:14:12",Yes,1,1,1,,4,2,2,,3,,2,,6,1,0,0,0,0,0,0,0,,1,1,0,0,0,0,1,1,0,1,0,0,0,1,1,0,,100,,100,,,,97,,,,,,,,,39,59,,,,4,1,1,1,0,0,0,0,,2
123,,"2023-06-24 23:22:48",Yes,1,1,1,,2,1,1,,1,,21,"Information Technology",6,0,0,0,0,0,1,0,0,,0,0,0,0,0,0,1,1,0,0,0,0,0,1,0,1,"baby blanket, panties, robe",99,,87,,,,,,,,,,,,73,,,,96,,5,0,0,0,1,0,0,0,,2
124,,"2023-06-24 23:23:46",Yes,1,1,1,,3,2,2,,1,,9,,7,1,0,0,0,0,0,0,0,,1,1,0,1,1,1,0,0,0,1,0,0,0,0,0,1,"hair brush",,,,,,,76,,,,,,,,,,,,33,,4,1,1,0,0,0,0,0,,2
125,,"2023-06-24 23:25:34",Yes,1,2,,,,,,,,,,,,,0,0,0,0,0,0,0,,,0,0,0,0,0,0,0,0,0,0,0,0,0,0,0,,,,,,,,,,,,,,,,,,,,,,,0,0,0,0,0,0,0,,2
126,,"[not completed]",Yes,1,1,1,,1,1,1,,5,,,,,1,0,0,0,0,0,0,0,,1,1,1,0,0,0,1,0,0,1,0,1,0,0,0,0,,,,,,,,,,,,,,,,,,,,,,,0,0,0,0,0,0,0,,0
127,,"[not completed]",Yes,1,1,,,,,,,,,,,,,0,0,0,0,0,0,0,,,0,0,0,0,0,0,0,0,0,0,0,0,0,0,0,,,,,,,,,,,,,,,,,,,,,,,0,0,0,0,0,0,0,,0
128,,"2023-06-24 23:50:21",Yes,1,1,1,,3,2,2,,1,,2,,7,1,0,0,0,0,0,0,0,,1,1,1,1,1,1,0,0,0,1,1,1,0,1,0,1,"kitchen spoon, hair tie",,,,,,,86,,91,,73,,,,75,,,,84,,1,0,1,0,0,0,0,0,,2
129,,"2023-06-24 23:49:33",Yes,1,2,,,,,,,,,,,,,0,0,0,0,0,0,0,,,0,0,0,0,0,0,0,0,0,0,0,0,0,0,0,,,,,,,,,,,,,,,,,,,,,,,0,0,0,0,0,0,0,,2
130,,"2023-06-24 23:55:17",Yes,1,1,1,,4,2,2,,7,,15,,7,1,0,0,0,0,0,0,0,,1,1,1,0,0,0,0,0,0,1,0,1,0,0,0,0,,,,,,,,65,,,,88,,,,,,,,,,5,0,1,0,0,0,0,0,,2
131,,"[not completed]",Yes,,,,,,,,,,,,,,,0,0,0,0,0,0,0,,,0,0,0,0,0,0,0,0,0,0,0,0,0,0,0,,,,,,,,,,,,,,,,,,,,,,,0,0,0,0,0,0,0,,0
132,,"2023-06-25 00:14:49",Yes,1,1,1,,1,2,2,,5,,2,,5,0,1,0,1,1,0,0,0,,0,0,0,0,0,0,0,1,0,0,0,1,0,1,0,1,"Tp wipes syringes water toothbrush waterpick tv remote ",,,82,,,,,,,,0,,,,100,,,,100,,2,0,0,0,1,0,0,0,,2
133,,"2023-06-25 00:30:30",Yes,1,2,,,,,,,,,,,,,0,0,0,0,0,0,0,,,0,0,0,0,0,0,0,0,0,0,0,0,0,0,0,,,,,,,,,,,,,,,,,,,,,,,0,0,0,0,0,0,0,,2
134,,"[not completed]",Yes,,,,,,,,,,,,,,,0,0,0,0,0,0,0,,,0,0,0,0,0,0,0,0,0,0,0,0,0,0,0,,,,,,,,,,,,,,,,,,,,,,,0,0,0,0,0,0,0,,0
135,,"2023-06-25 00:36:12",Yes,1,1,1,,1,1,2,,2,,13,,1,1,0,0,0,0,0,0,0,,1,1,1,0,0,0,0,1,0,0,0,1,0,0,0,1,"plunger and razor handle ",,,94,,,,,,,,74,,,,,,,,,25,2,0,1,0,0,0,0,0,,2
136,,"2023-06-25 01:09:13",Yes,1,1,1,,2,1,1,,1,,2,,7,1,0,0,0,0,0,0,0,,1,1,1,1,0,0,1,1,0,1,0,0,0,0,0,0,,23,,77,,,,82,,,,,,,,,,,,,,3,1,1,1,0,1,0,0,,2
137,,"2023-06-25 01:21:43",Yes,1,1,2,Germany,1,2,2,,5,,3,,1,1,0,0,0,0,0,0,0,,1,1,1,1,1,1,0,0,0,0,0,1,0,0,0,1,"Pen ",,,,,,,,,,,64,,,,,,,,35,,2,0,0,1,0,0,0,0,,2
138,,"2023-06-25 01:25:57",Yes,1,1,2,denmark,2,2,2,,1,,21,"Sports and leisure",6,1,0,0,0,0,0,0,0,,1,1,1,1,1,1,0,0,0,0,0,0,0,0,0,1,"A sponge, latex glove and pringles can",,,,,,,,,,,,,,,,,,,32,,1,0,0,0,1,0,0,0,,2
139,,"2023-06-25 01:29:58",Yes,1,1,1,,2,2,2,,5,,3,,5,1,0,0,0,0,0,0,0,,1,0,0,0,0,1,0,0,0,0,0,0,0,0,0,1,,,,,,,,,,,,,,,,,,,,72,,1,0,1,0,1,0,0,0,,2
140,,"2023-06-25 02:10:44",Yes,1,1,2,"Germany ",3,2,2,,4,,8,,1,0,0,0,0,0,0,0,1,"so far I haven't had the desire to buy any, although I've been considering it very recently ",0,0,0,0,0,0,0,0,0,0,0,0,0,0,0,1,"wooden coat hanger, candle, dustpan and brush handle, metal chain, dressing gown belt, milk bottle ",,,,,,,,,,,,,,,,,,,68,,1,0,0,0,1,0,0,0,,2
141,,"2023-06-25 01:56:08",Yes,1,1,2,Canada,1,1,2,,4,,8,,1,1,0,0,0,0,0,0,0,,1,1,0,0,0,0,0,1,0,0,0,1,0,1,0,0,,,,0,,,,,,,,2,,,,3,,,,,,1,0,1,0,0,0,0,0,,2
142,,"[not completed]",Yes,1,1,2,UK,2,2,2,,1,,5,,5,1,0,0,0,0,0,0,0,,1,1,0,1,0,0,0,0,0,0,1,1,1,0,1,0,,,,,,,,,,,,,,,,,,,,,,,0,0,0,0,0,0,0,,0
143,,"2023-06-25 02:44:15",Yes,1,1,2,"Germany ",1,2,3,,3,,16,,6,1,0,0,0,0,0,0,0,,1,1,1,1,0,0,0,1,0,1,0,1,1,0,0,0,,,,58,,,,82,,,,75,,,,,,,,,,4,1,1,0,0,0,0,0,,2
144,,"[not completed]",Yes,1,1,2,Denmark,2,1,1,,1,,4,,6,1,0,0,0,0,0,0,0,,1,1,1,1,0,0,0,0,0,0,0,0,0,0,0,1,,,,,,,,,,,,,,,,,,,,,,,0,0,0,0,0,0,0,,0
145,,"2023-06-25 03:04:43",Yes,1,1,2,UK,2,1,1,,3,,1,,3,1,0,0,0,0,0,0,0,,1,1,1,0,0,0,0,0,0,0,0,0,0,0,0,1,hairbrush,,,,,,,,,,,,,,,,,,,72,,2,0,1,0,0,0,0,0,,2
146,,"2023-06-25 03:09:56",Yes,1,1,1,,1,2,2,,5,,8,,2,0,1,0,0,0,0,0,0,,0,0,0,0,0,0,0,0,0,0,0,0,1,0,0,1,"Spatula handle ",,,,,,,,,,,,,69,,,,,,68,,2,0,1,0,1,0,0,0,,2
147,,"2023-06-25 03:20:02",Yes,1,1,2,France,2,2,2,,5,,4,,2,1,0,0,0,0,0,0,0,,1,1,1,0,0,0,0,1,0,0,0,1,1,0,0,0,,,,69,,,,,,,,57,,72,,,,,,,,1,0,0,1,0,0,0,0,,2
148,,"2023-06-25 03:22:24",Yes,1,1,2,Croatia,3,1,1,,1,,4,,5,1,0,0,0,0,0,0,0,,1,1,1,1,0,1,1,1,0,0,1,1,0,0,0,0,,86,,98,,,,,,80,,50,,,,,,,,,,5,1,1,0,0,1,0,0,,2
149,,"2023-06-25 03:23:43",Yes,1,2,,,,,,,,,,,,,0,0,0,0,0,0,0,,,0,0,0,0,0,0,0,0,0,0,0,0,0,0,0,,,,,,,,,,,,,,,,,,,,,,,0,0,0,0,0,0,0,,2
150,,"2023-06-25 04:09:57",Yes,1,1,1,,1,1,2,,2,,13,,5,1,0,0,0,0,0,0,0,,1,1,1,1,0,0,1,0,0,1,0,1,0,0,0,1,"Utensils, pill bottles, miscellaneous hard objects",93,,,,,,90,,,,69,,,,,,,,69,,2,1,1,1,1,0,0,0,,2
151,,"[not completed]",Yes,1,1,,,,,,,,,,,,,0,0,0,0,0,0,0,,,0,0,0,0,0,0,0,0,0,0,0,0,0,0,0,,,,,,,,,,,,,,,,,,,,,,,0,0,0,0,0,0,0,,0
152,,"2023-06-25 04:23:26",Yes,1,2,,,,,,,,,,,,,0,0,0,0,0,0,0,,,0,0,0,0,0,0,0,0,0,0,0,0,0,0,0,,,,,,,,,,,,,,,,,,,,,,,0,0,0,0,0,0,0,,2
153,,"2023-06-25 04:32:57",Yes,1,1,2,Canada,1,2,2,,1,,12,,5,0,1,0,0,1,1,0,0,,0,0,0,0,0,0,0,1,0,0,0,0,0,0,1,0,,,,77,,,,,,,,,,,,,,75,,,,3,0,1,1,0,0,0,0,,2
154,,"2023-06-25 04:40:03",Yes,1,1,2,"Germany ",2,1,1,,5,,2,,2,1,0,0,0,0,0,0,0,,1,1,0,1,0,0,1,1,0,0,0,1,0,0,0,1,"Barbie leg, cigar case? (Not like a fancy leather case for several cigars but a metal tube (?) that a cigar came in, shaped like a cigar but slightly bigger and of metal)",67,,82,,,,,,,,23,,,,,,,,72,,4,0,1,0,0,0,0,0,,2
155,,"2023-06-25 05:10:40",Yes,1,1,2,"England ",2,1,1,,1,,3,,7,1,0,0,0,0,0,0,0,,1,1,1,1,0,0,0,0,0,0,0,0,1,0,1,0,,,,,,,,,,,,,,74,,,,86,,,,2,1,1,0,0,0,0,0,,2
156,,"2023-06-25 05:12:25",Yes,1,2,,,,,,,,,,,,,0,0,0,0,0,0,0,,,0,0,0,0,0,0,0,0,0,0,0,0,0,0,0,,,,,,,,,,,,,,,,,,,,,,,0,0,0,0,0,0,0,,2
157,,"2023-06-25 05:57:51",Yes,1,1,1,,1,2,2,,5,,,,1,0,0,0,0,0,0,0,1,"No reason to have it, would be weird",0,0,0,0,0,0,0,0,0,0,0,0,0,1,1,0,,,,,,,,,,,,,,,,,,,,,,1,0,1,0,0,0,0,0,,2
158,,"2023-06-25 06:20:34",Yes,1,1,1,,4,2,2,,1,,5,,7,1,0,0,0,0,0,0,0,,1,1,0,1,1,1,0,1,0,0,0,0,0,0,0,0,,,,,,,,,,,,,,,,,,,,,,1,0,1,0,0,0,0,0,,2
159,,"2023-06-25 06:20:45",Yes,1,2,,,,,,,,,,,,,0,0,0,0,0,0,0,,,0,0,0,0,0,0,0,0,0,0,0,0,0,0,0,,,,,,,,,,,,,,,,,,,,,,,0,0,0,0,0,0,0,,2
160,,"[not completed]",Yes,,,,,,,,,,,,,,,0,0,0,0,0,0,0,,,0,0,0,0,0,0,0,0,0,0,0,0,0,0,0,,,,,,,,,,,,,,,,,,,,,,,0,0,0,0,0,0,0,,0
161,,"[not completed]",Yes,,,,,,,,,,,,,,,0,0,0,0,0,0,0,,,0,0,0,0,0,0,0,0,0,0,0,0,0,0,0,,,,,,,,,,,,,,,,,,,,,,,0,0,0,0,0,0,0,,0
162,,"2023-06-25 07:21:11",Yes,1,2,,,,,,,,,,,,,0,0,0,0,0,0,0,,,0,0,0,0,0,0,0,0,0,0,0,0,0,0,0,,,,,,,,,,,,,,,,,,,,,,,0,0,0,0,0,0,0,,2
163,,"2023-06-25 07:31:36",Yes,1,2,,,,,,,,,,,,,0,0,0,0,0,0,0,,,0,0,0,0,0,0,0,0,0,0,0,0,0,0,0,,,,,,,,,,,,,,,,,,,,,,,0,0,0,0,0,0,0,,2
164,,"[not completed]",Yes,1,1,1,,2,2,2,,,,,,,1,0,0,0,0,0,0,0,,1,1,1,1,0,1,0,0,0,0,0,0,0,0,1,0,,,,,,,,,,,,,,,,,,,,,,,0,0,0,0,0,0,0,,0
165,,"2023-06-25 07:52:59",Yes,1,2,,,,,,,,,,,,,0,0,0,0,0,0,0,,,0,0,0,0,0,0,0,0,0,0,0,0,0,0,0,,,,,,,,,,,,,,,,,,,,,,,0,0,0,0,0,0,0,,2
166,,"[not completed]",Yes,,,,,,,,,,,,,,,0,0,0,0,0,0,0,,,0,0,0,0,0,0,0,0,0,0,0,0,0,0,0,,,,,,,,,,,,,,,,,,,,,,,0,0,0,0,0,0,0,,0
167,,"2023-06-25 08:25:22",Yes,1,2,,,,,,,,,,,,,0,0,0,0,0,0,0,,,0,0,0,0,0,0,0,0,0,0,0,0,0,0,0,,,,,,,,,,,,,,,,,,,,,,,0,0,0,0,0,0,0,,2
168,,"2023-06-25 08:27:57",Yes,1,1,1,,1,1,1,,5,,1,,4,1,0,0,0,0,0,0,0,,1,1,1,1,0,0,1,1,1,1,0,0,1,0,1,0,,100,,100,,50,,100,,,,,,100,,,,100,,,,3,0,0,0,0,0,1,0,,2
169,,"2023-06-25 08:35:48",Yes,1,1,1,,2,1,1,,5,,4,,4,1,0,0,0,0,0,0,0,,0,0,0,0,0,0,0,1,0,0,0,0,0,0,0,0,,,,71,,,,,,,,,,,,,,,,,,3,0,0,0,0,0,1,0,,2
170,,"2023-06-25 08:36:27",Yes,1,1,1,,6,2,2,,6,,1,,7,1,0,0,0,0,0,0,0,,1,1,1,0,1,1,0,1,0,1,0,0,0,0,0,0,,,,50,,,,98,,,,,,,,,,,,,,4,0,1,0,0,0,0,0,,2
171,,"[not completed]",Yes,1,1,,,,,,,,,,,,,0,0,0,0,0,0,0,,,0,0,0,0,0,0,0,0,0,0,0,0,0,0,0,,,,,,,,,,,,,,,,,,,,,,,0,0,0,0,0,0,0,,0
172,,"2023-06-25 08:48:18",Yes,1,1,1,,2,1,1,,1,,1,,6,1,0,0,0,0,0,0,0,,1,1,1,0,0,0,0,1,0,1,0,0,0,0,1,1,"Hair brush",,,74,,,,50,,,,,,,,,,66,,67,,2,0,1,0,0,0,0,0,,2
173,,"[not completed]",Yes,1,1,,,,,,,,,,,,,0,0,0,0,0,0,0,,,0,0,0,0,0,0,0,0,0,0,0,0,0,0,0,,,,,,,,,,,,,,,,,,,,,,,0,0,0,0,0,0,0,,0
174,,"2023-06-25 09:03:09",Yes,1,1,1,,2,1,1,,1,,7,,6,1,0,0,0,0,0,0,0,,1,1,1,0,0,0,0,0,0,1,0,1,0,0,0,1,"Hairbrush handle",,,,,,,100,,,,50,,,,,,,,69,,1,1,1,0,0,0,0,0,,2
175,,"2023-06-25 09:24:55",Yes,1,1,1,,2,2,2,,5,,1,,6,1,0,0,0,0,0,0,0,,1,1,1,1,0,0,0,0,0,1,0,0,0,0,0,0,,,,,,,,91,,,,,,,,,,,,,,4,0,0,0,0,0,1,0,,2
176,,"2023-06-25 09:26:13",Yes,1,1,2,"United Kingdom",2,1,1,,1,,14,,5,1,0,0,0,0,0,0,0,,1,1,0,0,0,0,0,1,0,0,0,0,0,0,0,0,,,,59,,,,,,,,,,,,,,,,,,2,0,0,0,0,0,1,0,,2
177,,"2023-06-25 09:37:49",Yes,1,1,1,,2,1,1,,1,,11,,6,1,0,0,0,0,0,0,0,,1,1,1,0,0,0,0,0,0,1,0,0,0,1,0,0,,,,,,,,96,,,,,,,,76,,,,,,4,1,1,1,0,0,0,0,,2
178,,"2023-06-25 09:58:01",Yes,1,2,,,,,,,,,,,,,0,0,0,0,0,0,0,,,0,0,0,0,0,0,0,0,0,0,0,0,0,0,0,,,,,,,,,,,,,,,,,,,,,,,0,0,0,0,0,0,0,,2
179,,"2023-06-25 10:07:42",Yes,1,2,,,,,,,,,,,,,0,0,0,0,0,0,0,,,0,0,0,0,0,0,0,0,0,0,0,0,0,0,0,,,,,,,,,,,,,,,,,,,,,,,0,0,0,0,0,0,0,,2
180,,"2023-06-25 11:15:40",Yes,1,1,2,Canada,2,1,1,,1,,19,,7,1,0,0,0,0,0,0,0,,1,1,0,0,0,0,0,0,0,0,0,0,0,0,0,1,None,,,,,,,,,,,,,,,,,,,,,5,0,0,0,0,0,1,0,,2
181,,"2023-06-25 11:45:16",Yes,1,1,2,UK,5,2,2,,1,,21,Tourism,6,1,0,0,0,0,0,0,0,,1,1,1,1,0,0,0,1,0,0,0,0,0,0,0,0,,,,,,,,,,,,,,,,,,,,,,1,0,0,0,0,0,1,0,,2
182,,"2023-06-25 12:16:16",Yes,1,1,2,UK,3,2,2,,1,,4,,5,1,0,0,0,0,0,0,0,,1,1,1,1,0,1,1,1,0,1,1,0,0,0,0,1,"Plastic bottles ",73,,67,,,,72,,65,,,,,,,,,,60,,4,1,1,1,1,0,0,0,,2
183,,"2023-06-25 12:49:40",Yes,1,1,2,Canada,1,1,1,,1,,1,,1,1,0,0,0,0,0,0,0,,1,1,0,0,0,0,1,1,0,1,0,0,0,0,0,0,,64,,72,,,,100,,,,,,,,,,,,,,1,0,0,0,0,0,1,0,,2
184,,"[not completed]",Yes,,,,,,,,,,,,,,,0,0,0,0,0,0,0,,,0,0,0,0,0,0,0,0,0,0,0,0,0,0,0,,,,,,,,,,,,,,,,,,,,,,,0,0,0,0,0,0,0,,0
185,,"2023-06-25 12:58:55",Yes,1,1,1,,4,1,1,,1,,2,,7,1,0,0,0,0,0,0,0,,1,1,1,1,0,1,0,1,0,0,0,0,0,0,0,0,,,,100,,,,,,,,,,,,,,,,,,4,0,0,0,0,0,1,0,,2
186,,"2023-06-25 13:22:42",Yes,1,1,2,,1,2,2,,1,,4,,4,1,0,0,0,0,0,0,0,,1,0,0,0,1,0,0,0,0,0,0,0,1,0,1,0,,,,,,,,,,,,,,64,,,,,,,,1,0,1,0,0,0,0,0,,2
187,,"[not completed]",Yes,1,1,,,,,,,,,,,,,0,0,0,0,0,0,0,,,0,0,0,0,0,0,0,0,0,0,0,0,0,0,0,,,,,,,,,,,,,,,,,,,,,,,0,0,0,0,0,0,0,,0
188,,"2023-06-25 13:57:28",Yes,1,1,1,,3,2,2,,1,,20,,7,1,0,0,0,0,0,0,0,,1,0,0,1,1,1,0,1,0,1,0,0,0,0,0,0,,,,72,,,,90,,,,,,,,,,,,,,4,1,1,1,1,0,0,0,,2
189,,"[not completed]",Yes,1,1,1,,1,1,1,,3,,7,,7,1,0,0,0,0,0,0,0,,1,1,1,0,0,0,1,1,1,1,0,1,1,1,1,0,,,,,,,,,,,,,,,,,,,,,,,0,0,0,0,0,0,0,,0
190,,"2023-06-25 14:05:56",Yes,1,1,2,Germany,2,2,2,,1,,7,,4,1,0,0,0,0,0,0,0,,1,0,0,0,0,0,1,1,1,0,0,0,0,0,0,0,,70,,72,,59,,,,,,,,,,,,,,,,4,0,0,1,0,0,0,0,,2
191,,"2023-06-25 14:14:36",Yes,1,1,2,"Germany ",2,1,1,,5,,8,,5,0,0,0,0,0,0,0,1,"i enjoy sex with my partner more",0,0,0,0,0,0,0,1,0,0,0,0,1,0,0,0,,,,89,,,,,,,,,,18,,,,,,,,4,0,0,1,0,0,0,0,,2
192,,"2023-06-25 14:23:15",Yes,1,1,2,"Philippines ",2,1,1,,3,,21,"Market Research ",3,1,0,0,0,0,0,0,0,,1,1,0,0,0,0,0,0,0,0,0,0,0,0,1,0,,,,,,,,,,,,,,,,,,40,,,,2,1,1,0,0,0,0,0,,2
193,,"[not completed]",Yes,1,1,1,,1,1,1,,2,,6,,4,1,0,0,0,0,0,0,0,,1,1,1,1,0,0,1,1,0,0,0,1,1,0,1,0,,,,,,,,,,,,,,,,,,,,,,,0,0,0,0,0,0,0,,0
194,,"[not completed]",Yes,,,,,,,,,,,,,,,0,0,0,0,0,0,0,,,0,0,0,0,0,0,0,0,0,0,0,0,0,0,0,,,,,,,,,,,,,,,,,,,,,,,0,0,0,0,0,0,0,,0
195,,"[not completed]",Yes,1,1,2,"England ",3,1,1,,1,,1,,4,1,0,0,0,0,0,0,0,,1,1,1,1,0,0,1,0,0,1,1,1,1,0,0,0,,,,,,,,,,,,,,,,,,,,,,,0,0,0,0,0,0,0,,0
196,,"[not completed]",Yes,1,1,1,,2,1,1,,1,,4,,7,1,0,0,0,0,0,0,0,,1,1,0,0,0,0,1,0,0,0,1,0,1,0,0,0,,,,,,,,,,,,,,,,,,,,,,,0,0,0,0,0,0,0,,0
197,,"2023-06-25 15:44:42",Yes,1,1,2,Azerbaijan,1,1,1,,5,,10,,1,1,0,0,0,0,0,0,0,,1,1,0,0,0,0,0,1,0,0,0,0,0,0,1,0,,,,73,,,,,,,,,,,,,,27,,,,1,0,0,0,0,0,0,1,,2
198,,"2023-06-25 15:45:18",Yes,1,2,,,,,,,,,,,,,0,0,0,0,0,0,0,,,0,0,0,0,0,0,0,0,0,0,0,0,0,0,0,,,,,,,,,,,,,,,,,,,,,,,0,0,0,0,0,0,0,,2
199,,"2023-06-25 15:55:34",Yes,1,1,1,,1,1,1,,7,,13,,4,1,0,0,0,0,0,0,0,,1,1,1,0,0,0,1,0,0,0,0,0,0,0,0,0,,50,,,,,,,,,,,,,,,,,,,,4,1,1,1,0,0,0,0,,2
200,,"2023-06-25 16:00:02",Yes,1,1,2,,3,1,1,,1,,5,,6,1,0,0,0,0,0,0,0,,1,0,1,0,0,0,0,1,0,0,0,0,0,0,1,1,,,,,16,,,,,,,,,,,,,69,,50,,2,1,1,0,1,0,0,0,,2
201,,"[not completed]",Yes,1,1,1,,3,2,2,,3,,3,,6,1,0,0,0,0,0,0,0,,1,0,0,0,1,0,0,0,0,0,0,0,0,0,0,1,"Sandwich bags and petrolium jelly",,,,,,,,,,,,,,,1,,,,,,,0,0,0,0,0,0,0,,0
202,,"[not completed]",Yes,1,1,,,,,,,,,,,,,0,0,0,0,0,0,0,,,0,0,0,0,0,0,0,0,0,0,0,0,0,0,0,,,,,,,,,,,,,,,,,,,,,,,0,0,0,0,0,0,0,,0
203,,"[not completed]",Yes,1,1,2,Germany,1,2,2,,5,,3,,2,1,0,0,0,0,0,0,0,,1,1,1,1,0,1,0,0,0,0,0,1,1,1,0,0,,,,,,,,,,,,,,,,,,,,,,,0,0,0,0,0,0,0,,0
204,,"2023-06-25 19:43:48",Yes,1,1,2,Canada,1,2,3,,5,,2,,6,1,0,0,0,0,0,0,0,,1,0,1,1,1,0,0,1,0,0,0,0,0,1,1,0,,,,74,,,,,,,,,,,,34,,32,,,,4,0,0,0,0,0,1,0,,2
205,,"[not completed]",Yes,,,,,,,,,,,,,,,0,0,0,0,0,0,0,,,0,0,0,0,0,0,0,0,0,0,0,0,0,0,0,,,,,,,,,,,,,,,,,,,,,,,0,0,0,0,0,0,0,,0
206,,"2023-06-25 20:52:32",Yes,1,2,,,,,,,,,,,,,0,0,0,0,0,0,0,,,0,0,0,0,0,0,0,0,0,0,0,0,0,0,0,,,,,,,,,,,,,,,,,,,,,,,0,0,0,0,0,0,0,,2
207,,"2023-06-25 20:54:11",Yes,1,1,1,,2,1,3,,1,,8,,7,1,0,0,0,0,0,0,0,,1,1,1,1,0,1,1,1,0,1,1,1,0,0,0,0,,79,,100,,,,100,,100,,69,,,,,,,,,,5,1,1,0,0,0,0,0,,2
208,,"2023-06-25 21:14:53",Yes,1,1,1,,2,2,2,,1,,3,,7,1,0,0,0,0,0,0,0,,0,0,0,0,0,0,0,0,0,0,0,0,0,0,1,1,"Cigar tube",,,,,,,,,,,,,,,,,50,,59,,1,0,0,0,0,0,1,0,,2
209,,"2023-06-25 22:33:22",Yes,1,1,1,,2,1,1,,1,,13,,5,1,0,0,0,0,0,0,0,,1,1,1,1,1,1,1,1,0,1,0,1,1,1,1,0,,60,,100,,,,38,,,,28,,72,,78,,92,,,,4,0,1,0,0,0,0,0,,2
210,,"2023-06-25 23:12:58",Yes,1,1,1,,2,1,1,,1,,1,,4,1,0,0,0,0,0,0,0,,1,1,0,0,0,0,0,1,0,0,0,0,0,0,0,1,"Hair brush",,,78,,,,,,,,,,,,,,,,70,,2,0,1,0,0,0,0,0,,2
211,,"2023-06-25 23:42:20",Yes,1,1,2,"Canada ",1,1,5,,5,,2,,2,0,1,0,0,1,1,0,0,,0,0,0,0,0,0,0,1,1,1,0,0,1,0,1,0,,,,23,,58,,86,,,,,,71,,,,31,,,,2,0,1,0,0,0,0,0,,2
212,,"2023-06-26 00:37:15",Yes,1,1,2,Canada,1,2,2,,5,,,,2,1,0,0,0,0,0,0,0,,1,0,1,1,0,1,0,0,0,0,0,1,1,0,0,1,toothbrush,,,,,,,,,,,66,,40,,,,,,32,,1,0,0,1,0,0,0,1,,2
213,,"2023-06-26 01:14:46",Yes,1,1,2,Malaysia,1,1,1,,5,,1,,1,1,0,0,0,0,0,0,0,,1,1,1,1,0,0,1,1,0,0,0,0,0,1,1,1,Loofah,69,,82,,,,,,,,,,,,59,,51,,68,,2,1,1,1,0,1,0,0,,2
214,,"2023-06-26 01:13:34",Yes,1,2,,,,,,,,,,,,,0,0,0,0,0,0,0,,,0,0,0,0,0,0,0,0,0,0,0,0,0,0,0,,,,,,,,,,,,,,,,,,,,,,,0,0,0,0,0,0,0,,2
215,,"2023-06-26 01:52:30",Yes,1,1,1,,1,1,1,,3,,5,,4,1,0,0,0,0,0,0,0,,1,1,1,0,0,0,1,1,0,1,0,0,0,1,1,0,,93,,,,,,,,,,,,,,,,,,,,4,1,1,0,0,0,0,0,,2
216,,"[not completed]",Yes,1,1,,,,,,,,,,,,,0,0,0,0,0,0,0,,,0,0,0,0,0,0,0,0,0,0,0,0,0,0,0,,,,,,,,,,,,,,,,,,,,,,,0,0,0,0,0,0,0,,0
217,,"2023-06-26 02:01:52",Yes,1,1,1,,2,1,1,,1,,2,,7,1,0,0,0,0,0,0,0,,1,1,1,1,0,0,0,1,0,0,0,1,0,0,0,1,"Marker (the non-cap end) but that was before I had access to regular sex toys",,,100,,,,,,,,50,,,,,,,,50,,,0,0,0,0,0,1,0,,2
218,,"2023-06-26 02:20:31",Yes,1,1,1,,1,2,7,"physically intersex (no option above)",5,,8,,3,0,0,0,0,1,1,0,0,,0,0,0,0,0,0,0,1,0,0,0,0,1,0,0,0,,,,41,,,,,,,,,,67,,,,,,,,1,0,0,0,1,0,0,0,,2
219,,"2023-06-26 06:32:58",Yes,1,1,2,Canada,2,2,2,,1,,5,,7,1,0,0,0,0,0,0,0,,1,0,1,1,1,0,0,0,0,0,0,0,0,0,0,1,"Epipen, pencil",,,,,,,,,,,,,,,,,,,73,,6,1,0,1,1,0,0,0,,2
220,,"2023-06-26 07:06:35",Yes,1,1,2,"United Kingdom",1,2,2,,1,,11,,7,1,0,0,0,0,0,0,0,,1,1,0,0,0,1,0,1,0,0,0,0,1,0,1,0,,,,36,,,,,,,,,,78,,,,78,,,,2,0,1,0,1,0,0,0,,2
221,,"2023-06-26 09:26:49",Yes,1,1,2,,2,2,3,,1,,7,,5,1,0,0,0,0,0,0,0,,1,1,1,1,0,0,0,1,0,0,0,0,0,0,0,1,Spatula,,,74,,,,,,,,,,,,,,,,55,,3,0,1,1,0,0,0,0,,2
222,,"2023-06-26 09:26:10",Yes,1,1,1,,1,2,2,,1,,20,,7,1,0,0,0,0,0,0,0,,1,0,1,0,1,0,0,0,0,0,0,0,0,0,1,0,,,,,,,,,,,,,,,,,,,,,,4,0,0,1,0,0,0,0,,2
223,,"[not completed]",Yes,,,,,,,,,,,,,,,0,0,0,0,0,0,0,,,0,0,0,0,0,0,0,0,0,0,0,0,0,0,0,,,,,,,,,,,,,,,,,,,,,,,0,0,0,0,0,0,0,,0
224,,"2023-06-26 16:11:13",Yes,1,1,1,,3,1,1,,7,,2,,7,1,0,0,0,0,0,0,0,,1,1,0,0,0,0,0,1,1,0,0,0,0,0,0,0,,,,28,,70,,,,,,,,,,,,,,,,4,1,1,0,0,1,0,0,,2
225,,"2023-06-26 16:28:31",Yes,1,1,2,Eu,2,2,2,,1,,1,,5,1,0,0,0,0,0,0,0,,1,1,0,1,1,1,0,0,0,1,0,1,0,0,0,0,,,,,,,,66,,,,75,,,,,,,,,,4,1,1,0,0,0,0,0,,2
226,,"[not completed]",Yes,1,1,,,,,,,,,,,,,0,0,0,0,0,0,0,,,0,0,0,0,0,0,0,0,0,0,0,0,0,0,0,,,,,,,,,,,,,,,,,,,,,,,0,0,0,0,0,0,0,,0
227,,"2023-06-26 20:16:00",Yes,1,2,,,,,,,,,,,,,0,0,0,0,0,0,0,,,0,0,0,0,0,0,0,0,0,0,0,0,0,0,0,,,,,,,,,,,,,,,,,,,,,,,0,0,0,0,0,0,0,,2
228,,"[not completed]",Yes,1,1,2,Canada,3,2,2,,1,,7,,5,1,0,0,0,0,0,0,0,,1,1,0,1,0,1,1,1,0,1,1,1,1,0,0,0,,,,,,,,,,,,,,,,,,,,,,,0,0,0,0,0,0,0,,0
229,,"2023-06-27 15:09:53",Yes,1,1,1,,1,1,3,,2,,,,,1,0,0,0,0,0,0,0,,1,1,1,0,0,0,1,1,0,0,0,1,0,1,1,0,,100,,66,,,,,,,,29,,,,0,,55,,,,4,1,1,1,1,1,0,0,,2
230,,"[not completed]",Yes,,,,,,,,,,,,,,,0,0,0,0,0,0,0,,,0,0,0,0,0,0,0,0,0,0,0,0,0,0,0,,,,,,,,,,,,,,,,,,,,,,,0,0,0,0,0,0,0,,0
231,,"2023-06-28 19:41:27",Yes,1,1,1,,2,1,1,,1,,9,,7,1,0,0,0,0,0,0,0,,1,1,1,1,0,0,1,1,0,1,0,0,1,1,1,1,"phone on vibrate mode",56,,71,,,,88,,,,,,61,,91,,64,,61,,4,0,1,1,0,0,0,0,,2
232,,"2023-06-28 00:26:39",Yes,1,1,1,,1,1,1,,5,,,,2,1,0,0,0,0,0,0,0,,1,1,1,0,0,0,1,1,0,0,0,0,1,1,0,1,hairbrush,82,,60,,,,,,,,,,73,,58,,,,62,,4,0,1,0,0,0,0,0,,2
233,,"2023-06-28 01:40:41",Yes,1,2,,,,,,,,,,,,,0,0,0,0,0,0,0,,,0,0,0,0,0,0,0,0,0,0,0,0,0,0,0,,,,,,,,,,,,,,,,,,,,,,,0,0,0,0,0,0,0,,2
234,,"2023-06-28 10:57:24",Yes,1,1,1,,2,1,1,,1,,1,,6,1,0,0,0,0,0,0,0,,1,0,1,0,0,0,0,0,0,0,0,0,0,0,0,1,"Hairbrush handle",,,,,,,,,,,,,,,,,,,69,,2,0,1,1,0,0,0,0,,2
235,,"2023-06-28 18:34:44",Yes,1,1,1,,2,1,1,,1,,7,,6,1,0,0,0,0,0,0,0,,1,1,1,1,0,0,1,1,0,1,1,0,0,1,1,1,"Sharpie, small shampoo bottle, hairbrush handle, vacuum handle...",,3,77,,,,75,,78,,,,,,,47,50,,,0,1,1,1,1,0,0,0,0,,2
236,,"2023-06-29 01:21:06",Yes,1,2,,,,,,,,,,,,,0,0,0,0,0,0,0,,,0,0,0,0,0,0,0,0,0,0,0,0,0,0,0,,,,,,,,,,,,,,,,,,,,,,,0,0,0,0,0,0,0,,2
237,,"[not completed]",Yes,1,1,,,,,,,,,,,,,0,0,0,0,0,0,0,,,0,0,0,0,0,0,0,0,0,0,0,0,0,0,0,,,,,,,,,,,,,,,,,,,,,,,0,0,0,0,0,0,0,,0
238,,"[not completed]",Yes,,,,,,,,,,,,,,,0,0,0,0,0,0,0,,,0,0,0,0,0,0,0,0,0,0,0,0,0,0,0,,,,,,,,,,,,,,,,,,,,,,,0,0,0,0,0,0,0,,0
239,,"[not completed]",Yes,1,1,2,Uk,1,1,1,,1,,13,,2,1,0,0,0,0,0,0,0,,1,1,1,0,0,0,1,1,1,0,0,0,1,1,1,0,,,,,,,,,,,,,,,,,,,,,,,0,0,0,0,0,0,0,,0
240,,"2023-06-30 02:28:11",Yes,1,1,1,,1,2,2,,1,,7,,7,0,0,0,0,1,0,0,0,,0,0,0,0,0,0,0,0,0,0,0,0,0,0,0,1,pen,,,,,,,,,,,,,,,,,,,61,,2,0,0,0,0,0,1,0,,2
241,,"2023-06-30 08:16:06",Yes,1,1,1,,4,2,2,,1,,3,,7,1,0,0,0,0,0,0,0,,1,1,1,1,1,1,1,0,0,1,0,0,0,1,0,0,,50,,,,,,98,,,,,,,,50,,,,,,4,0,0,0,0,0,0,1,,2
242,,"[not completed]",Yes,,,,,,,,,,,,,,,0,0,0,0,0,0,0,,,0,0,0,0,0,0,0,0,0,0,0,0,0,0,0,,,,,,,,,,,,,,,,,,,,,,,0,0,0,0,0,0,0,,0
243,,"2023-06-30 23:51:54",Yes,1,1,2,Italy,4,2,2,,2,,11,,3,1,0,0,0,0,0,0,0,,1,1,0,0,1,0,0,0,0,1,0,0,0,0,0,0,,,,,,,,50,,,,,,,,,,,,,,4,1,0,0,0,1,0,0,,2
244,,"2023-07-02 02:01:33",Yes,1,2,,,,,,,,,,,,,0,0,0,0,0,0,0,,,0,0,0,0,0,0,0,0,0,0,0,0,0,0,0,,,,,,,,,,,,,,,,,,,,,,,0,0,0,0,0,0,0,,2
245,,"2023-07-02 02:25:44",Yes,1,1,1,,2,2,2,,1,,4,,7,1,0,0,0,0,0,0,0,,1,0,1,1,0,1,1,1,0,0,0,0,0,0,0,0,,65,,70,,,,,,,,,,,,,,,,,,2,1,1,1,0,0,0,0,,2
246,,"[not completed]",Yes,1,1,,,,,,,,,,,,,0,0,0,0,0,0,0,,,0,0,0,0,0,0,0,0,0,0,0,0,0,0,0,,,,,,,,,,,,,,,,,,,,,,,0,0,0,0,0,0,0,,0
247,,"2023-07-03 20:16:24",Yes,1,1,2,Bulgaria,2,2,2,,5,,4,,1,0,1,0,1,1,1,0,0,,0,0,0,0,0,0,1,1,0,1,0,0,0,1,0,1,"Brushes, Pens, Markers",77,,70,,,,100,,,,,,,,58,,,,86,,5,0,1,0,0,0,0,0,,2
248,,"[not completed]",Yes,1,1,1,,5,2,2,,1,,9,,7,0,0,0,0,0,1,0,0,,0,0,0,0,0,0,1,0,0,1,0,0,0,0,0,0,,,,,,,,,,,,,,,,,,,,,,,0,0,0,0,0,0,0,,0
249,,"2023-07-05 02:05:06",Yes,1,1,1,,1,2,7,"transgender and nonbinary ",1,,7,,5,1,0,0,0,0,0,0,0,,1,1,0,1,1,0,0,0,0,0,0,0,1,0,1,1,markers,,,,,,,,,,,,,18,,,,90,,28,,2,0,0,0,0,0,1,0,,2
250,,"2023-07-05 16:01:23",Yes,1,2,,,,,,,,,,,,,0,0,0,0,0,0,0,,,0,0,0,0,0,0,0,0,0,0,0,0,0,0,0,,,,,,,,,,,,,,,,,,,,,,,0,0,0,0,0,0,0,,2
251,,"2023-07-06 17:39:53",Yes,1,1,1,,2,1,1,,7,,21,Photographer,5,1,0,0,0,0,0,0,0,,1,1,1,0,0,0,0,0,0,1,0,0,0,0,0,0,,,,,,,,,0,,,,,,,,,,,,,4,1,1,0,0,0,0,0,,2
252,,"2023-07-06 18:39:52",Yes,1,1,2,Canada,3,1,1,,1,,16,,7,1,0,0,0,0,0,0,0,,1,1,1,1,0,1,0,0,0,1,0,0,0,1,1,0,,,,,,,,88,,,,,,,,64,,40,,,,5,0,1,0,1,0,0,0,,2
253,,"2023-07-06 19:11:18",Yes,1,2,,,,,,,,,,,,,0,0,0,0,0,0,0,,,0,0,0,0,0,0,0,0,0,0,0,0,0,0,0,,,,,,,,,,,,,,,,,,,,,,,0,0,0,0,0,0,0,,2
254,,"2023-07-07 00:05:11",Yes,1,1,1,,2,1,1,,1,,11,,4,0,0,0,0,1,0,0,0,,0,0,0,0,0,0,1,1,0,0,0,0,0,0,1,0,,100,,72,,,,,,,,,,,,,,72,,,,4,0,1,0,0,0,0,0,,2
255,,"2023-07-07 08:59:26",Yes,1,2,,,,,,,,,,,,,0,0,0,0,0,0,0,,,0,0,0,0,0,0,0,0,0,0,0,0,0,0,0,,,,,,,,,,,,,,,,,,,,,,,0,0,0,0,0,0,0,,2
256,,"[not completed]",Yes,,,,,,,,,,,,,,,0,0,0,0,0,0,0,,,0,0,0,0,0,0,0,0,0,0,0,0,0,0,0,,,,,,,,,,,,,,,,,,,,,,,0,0,0,0,0,0,0,,0
257,,"2023-07-07 20:07:57",Yes,1,2,,,,,,,,,,,,,0,0,0,0,0,0,0,,,0,0,0,0,0,0,0,0,0,0,0,0,0,0,0,,,,,,,,,,,,,,,,,,,,,,,0,0,0,0,0,0,0,,2
258,,"[not completed]",Yes,,,,,,,,,,,,,,,0,0,0,0,0,0,0,,,0,0,0,0,0,0,0,0,0,0,0,0,0,0,0,,,,,,,,,,,,,,,,,,,,,,,0,0,0,0,0,0,0,,0
259,,"2023-07-07 23:37:09",Yes,1,1,1,,2,1,1,,1,,13,,5,1,0,0,0,0,0,0,0,,1,1,1,0,1,1,0,1,0,1,0,0,0,0,1,0,,,,75,,,,82,,,,,,,,,,61,,,,4,0,0,0,0,0,1,0,,2
260,,"2023-07-08 09:13:22",Yes,1,1,1,,2,2,2,,1,,2,,7,1,0,0,0,0,0,0,0,,1,1,1,0,0,0,0,0,0,1,0,0,0,0,0,0,,,,,,,,93,,,,,,,,,,,,,,6,0,0,0,1,0,0,0,,2
261,,"2023-07-08 15:15:05",Yes,1,2,,,,,,,,,,,,,0,0,0,0,0,0,0,,,0,0,0,0,0,0,0,0,0,0,0,0,0,0,0,,,,,,,,,,,,,,,,,,,,,,,0,0,0,0,0,0,0,,2
262,,"2023-07-08 18:50:22",Yes,1,1,1,,3,1,1,,1,,16,,7,1,0,0,0,0,0,0,0,,1,1,0,0,1,1,0,1,0,1,1,1,0,1,1,0,,,,84,,,,73,,50,,50,,,,43,,47,,,,4,0,0,0,0,0,1,0,,2
263,,"2023-07-08 19:14:18",Yes,1,1,1,,3,1,1,,1,,6,,6,1,0,0,0,0,0,0,0,,1,1,0,0,0,0,0,0,0,0,0,0,0,0,0,1,Candle,,,,,,,,,,,,,,,,,,,7,,2,0,0,0,0,0,1,1,,2
264,,"2023-07-08 22:03:47",Yes,1,2,,,,,,,,,,,,,0,0,0,0,0,0,0,,,0,0,0,0,0,0,0,0,0,0,0,0,0,0,0,,,,,,,,,,,,,,,,,,,,,,,0,0,0,0,0,0,0,,2
265,,"[not completed]",Yes,1,1,1,,3,1,1,,7,,,,6,1,0,0,0,0,0,0,0,,1,0,1,0,0,0,0,1,0,0,0,1,0,0,0,0,,,,,,,,,,,,,,,,,,,,,,,0,0,0,0,0,0,0,,0
266,,"2023-07-09 00:31:54",Yes,1,1,2,,3,1,1,,1,,1,,7,1,0,0,0,0,0,0,0,,1,0,1,0,0,0,0,0,0,0,0,0,1,0,1,1,"candle, stuffed animals, decorations ",,,,,,,,,,,,,73,,,,100,,79,,2,1,0,1,0,0,0,0,,2
267,,"2023-07-09 03:46:38",Yes,1,1,1,,2,1,3,,4,,21,N/A,4,1,0,0,0,0,0,0,0,,0,0,0,0,0,0,1,1,0,1,0,0,0,0,0,1,"Hairbrush handle",56,,74,,,,100,,,,,,,,,,,,53,,4,1,1,1,0,0,0,0,,2
268,,"2023-07-09 04:21:56",Yes,1,1,1,,1,2,2,,5,,3,,,1,0,0,0,0,0,0,0,,1,0,0,0,1,0,0,0,0,0,0,0,1,0,1,0,,,,,,,,,,,,,,64,,,,,98,,,1,0,0,0,0,0,1,0,,2
269,,"2023-07-09 09:21:18",Yes,1,2,,,,,,,,,,,,,0,0,0,0,0,0,0,,,0,0,0,0,0,0,0,0,0,0,0,0,0,0,0,,,,,,,,,,,,,,,,,,,,,,,0,0,0,0,0,0,0,,2
270,,"[not completed]",,,,,,,,,,,,,,,,0,0,0,0,0,0,0,,,0,0,0,0,0,0,0,0,0,0,0,0,0,0,0,,,,,,,,,,,,,,,,,,,,,,,0,0,0,0,0,0,0,,0
271,,"[not completed]",Yes,1,1,1,,4,2,2,,1,,1,,7,1,0,0,0,0,0,0,0,,1,1,0,1,1,1,0,0,0,1,0,0,0,0,0,0,,,,,,,,,,,,,,,,,,,,,,,0,0,0,0,0,0,0,,0
272,,"2023-07-09 20:21:46",Yes,1,1,1,,3,1,1,,1,,2,,6,1,0,0,0,0,0,0,0,,1,1,1,0,0,0,0,0,0,0,0,0,0,0,0,1,None,,,,,,,,,,,,,,,,,,,6,,4,0,0,0,0,0,1,0,,2
273,,"2023-07-09 23:50:33",Yes,1,1,1,,3,1,1,,6,,1,,7,1,0,0,0,0,0,0,0,,1,1,0,0,0,0,1,1,0,1,1,1,0,0,1,0,,77,,100,,,,50,,99,,50,,,,,,75,,,,4,1,1,0,0,0,0,0,,2
274,,"2023-07-10 01:49:09",Yes,1,2,,,,,,,,,,,,,0,0,0,0,0,0,0,,,0,0,0,0,0,0,0,0,0,0,0,0,0,0,0,,,,,,,,,,,,,,,,,,,,,,,0,0,0,0,0,0,0,,2
275,,"2023-07-10 05:44:21",Yes,1,1,1,,2,1,1,,4,,21,,5,1,0,0,0,0,0,0,0,,1,1,1,1,0,1,0,1,0,0,0,0,0,0,0,1,,,,,,,,,,,,,,,,,,,,,,5,0,0,0,0,0,1,0,,2
276,,"2023-07-10 07:26:48",Yes,1,1,2,"United Kingdom",2,1,1,,2,,2,,4,1,0,0,0,0,0,0,0,,1,1,0,0,1,0,1,0,0,0,0,1,0,1,1,0,,91,,,,,,,,,,92,,,,85,,73,,,,3,0,0,0,0,0,1,0,,2
277,,"[not completed]",Yes,1,1,,,,,,,,,,,,,0,0,0,0,0,0,0,,,0,0,0,0,0,0,0,0,0,0,0,0,0,0,0,,,,,,,,,,,,,,,,,,,,,,,0,0,0,0,0,0,0,,0
278,,"2023-07-10 21:14:42",Yes,1,2,,,,,,,,,,,,,0,0,0,0,0,0,0,,,0,0,0,0,0,0,0,0,0,0,0,0,0,0,0,,,,,,,,,,,,,,,,,,,,,,,0,0,0,0,0,0,0,,2
279,,"2023-07-10 21:33:04",Yes,1,1,1,,2,1,1,,2,,11,,1,1,0,0,0,0,0,0,0,,1,1,1,0,0,1,0,1,0,1,0,1,1,1,1,0,,,,70,,,,100,,,,71,,50,,57,,100,,,,1,1,0,0,0,0,0,0,,2
280,,"[not completed]",Yes,1,1,1,,4,1,1,,,,,,,,0,0,0,0,0,0,0,,,0,0,0,0,0,0,0,0,0,0,0,0,0,0,0,,,,,,,,,,,,,,,,,,,,,,,0,0,0,0,0,0,0,,0
281,,"2023-07-11 16:25:06",Yes,1,1,1,,3,1,1,,8,"disabled, can't work",21,none,1,1,0,0,0,0,0,0,0,,1,1,0,0,0,0,0,1,0,0,0,0,0,0,1,1,"homemade vibrator, husband built it",,,71,,,,,,,,,,,,,,75,,95,,4,0,0,0,0,0,1,0,,2
282,,"2023-07-11 20:42:11",Yes,1,1,2,Canada,5,1,1,,6,,1,,3,1,0,0,0,0,0,0,0,,1,1,0,0,0,0,0,1,0,1,0,0,1,0,0,0,,,,,38,,,73,,,,,,8,,,,,,,,1,0,0,1,0,0,0,0,,2
283,,"[not completed]",Yes,,,,,,,,,,,,,,,0,0,0,0,0,0,0,,,0,0,0,0,0,0,0,0,0,0,0,0,0,0,0,,,,,,,,,,,,,,,,,,,,,,,0,0,0,0,0,0,0,,0
284,,"2023-07-11 22:42:41",Yes,1,1,1,,2,1,1,,1,,11,,7,0,0,0,1,0,1,0,0,,0,0,0,0,0,0,0,0,0,0,0,0,0,1,1,0,,,,,,,,,,,,,,,,71,,98,,,,4,0,0,0,0,0,1,0,,2
285,,"2023-07-12 15:27:58",Yes,1,2,,,,,,,,,,,,,0,0,0,0,0,0,0,,,0,0,0,0,0,0,0,0,0,0,0,0,0,0,0,,,,,,,,,,,,,,,,,,,,,,,0,0,0,0,0,0,0,,2
286,,"2023-07-13 08:33:29",Yes,1,1,1,,1,2,2,,5,,21,N/A,6,0,0,0,0,1,0,0,0,,0,0,0,0,0,0,0,0,0,0,0,0,1,0,0,0,,,,,,,,,,,,,,0,,,,,,,,1,0,1,0,0,0,0,1,,2
287,,"[not completed]",Yes,,,,,,,,,,,,,,,0,0,0,0,0,0,0,,,0,0,0,0,0,0,0,0,0,0,0,0,0,0,0,,,,,,,,,,,,,,,,,,,,,,,0,0,0,0,0,0,0,,0
288,,"[not completed]",Yes,1,1,1,,1,1,1,,5,,8,,,1,0,0,0,0,0,0,0,,1,1,1,1,0,0,0,0,0,0,0,0,1,1,1,0,,,,,,,,,,,,,,,,,,,,,,,0,0,0,0,0,0,0,,0
289,,"2023-07-13 23:32:13",Yes,1,1,1,,3,1,1,,7,,,,5,1,0,0,0,0,0,0,0,,1,1,1,1,0,0,0,1,0,1,0,1,0,0,1,1,"clothes pins",,,66,,,,91,,,,51,,,,,,58,,100,,4,0,0,0,0,0,1,0,,2
290,,"2023-07-14 08:37:26",Yes,1,1,1,,2,1,1,,7,,21,"Stay at home mom ",1,1,0,0,0,0,0,0,0,,1,1,1,1,0,0,1,1,0,0,0,0,0,0,0,0,,0,,73,,,,,,,,,,,,,,,,,,4,0,0,0,0,0,1,0,,2
291,,"2023-07-14 11:05:02",Yes,1,2,,,,,,,,,,,,,0,0,0,0,0,0,0,,,0,0,0,0,0,0,0,0,0,0,0,0,0,0,0,,,,,,,,,,,,,,,,,,,,,,,0,0,0,0,0,0,0,,2
292,,"2023-07-15 11:48:37",Yes,1,2,,,,,,,,,,,,,0,0,0,0,0,0,0,,,0,0,0,0,0,0,0,0,0,0,0,0,0,0,0,,,,,,,,,,,,,,,,,,,,,,,0,0,0,0,0,0,0,,2
293,,"[not completed]",Yes,1,1,,,,,,,,,,,,,0,0,0,0,0,0,0,,,0,0,0,0,0,0,0,0,0,0,0,0,0,0,0,,,,,,,,,,,,,,,,,,,,,,,0,0,0,0,0,0,0,,0
294,,"2023-07-16 15:49:54",Yes,1,1,1,,3,1,1,,8,"both FTE and a grad student",4,,7,1,0,0,0,0,0,0,0,,1,1,1,0,0,1,0,1,0,0,0,0,0,0,0,0,,,,66,,,,,,,,,,,,,,,,,,5,1,1,1,1,0,0,0,,2
295,,"[not completed]",Yes,1,1,,,,,,,,,,,,,0,0,0,0,0,0,0,,,0,0,0,0,0,0,0,0,0,0,0,0,0,0,0,,,,,,,,,,,,,,,,,,,,,,,0,0,0,0,0,0,0,,0
296,,"[not completed]",Yes,1,1,,,,,,,,,,,,,0,0,0,0,0,0,0,,,0,0,0,0,0,0,0,0,0,0,0,0,0,0,0,,,,,,,,,,,,,,,,,,,,,,,0,0,0,0,0,0,0,,0
297,,"2023-07-16 21:15:07",Yes,1,1,1,,2,1,1,,1,,3,,7,1,0,0,0,0,0,0,0,,1,1,1,1,0,0,0,1,0,1,0,0,0,1,1,1,"Tub faucet, phone, pretty much anything hard that if I'm sitting and it ends up between my legs and I rub against if feels good",,,100,,,,50,,,,,,,,71,,71,,83,,5,0,0,0,0,0,1,0,,2
298,,"2023-07-17 02:04:36",Yes,1,1,1,,2,1,1,,5,,10,,7,1,0,0,0,0,0,0,0,,1,1,1,1,1,0,0,1,0,1,0,1,0,0,0,0,,,,71,,,,92,,,,10,,,,,,,,,,2,0,0,0,0,0,1,0,,2
299,,"2023-07-17 10:51:05",Yes,1,2,,,,,,,,,,,,,0,0,0,0,0,0,0,,,0,0,0,0,0,0,0,0,0,0,0,0,0,0,0,,,,,,,,,,,,,,,,,,,,,,,0,0,0,0,0,0,0,,2
300,,"2023-07-17 11:37:50",Yes,1,2,,,,,,,,,,,,,0,0,0,0,0,0,0,,,0,0,0,0,0,0,0,0,0,0,0,0,0,0,0,,,,,,,,,,,,,,,,,,,,,,,0,0,0,0,0,0,0,,2
301,,"[not completed]",Yes,1,1,1,,5,2,2,,1,,7,,6,1,0,0,0,0,0,0,0,,1,1,1,0,1,0,0,1,0,1,1,1,0,0,0,0,,,,,,,,,,,,,,,,,,,,,,,0,0,0,0,0,0,0,,0
302,,"2023-07-18 03:19:31",Yes,1,2,,,,,,,,,,,,,0,0,0,0,0,0,0,,,0,0,0,0,0,0,0,0,0,0,0,0,0,0,0,,,,,,,,,,,,,,,,,,,,,,,0,0,0,0,0,0,0,,2
303,,"2023-07-18 05:32:25",Yes,1,1,2,India,2,2,2,,1,,5,,1,0,0,0,1,1,0,1,0,,0,0,0,0,0,0,0,0,0,0,0,0,1,0,0,0,,,,,,,,,,,,,,92,,,,,,,,1,1,1,1,1,0,0,0,,2
304,,"2023-07-18 15:43:37",Yes,1,1,1,,2,1,1,,1,,17,,7,1,0,0,0,0,0,0,0,,1,1,1,0,0,0,1,1,0,0,0,1,0,0,1,0,,66,,88,,,,,,,,34,,,,,,85,,,,3,0,1,0,0,0,0,0,,2
305,,"2023-07-18 16:36:03",Yes,1,1,1,,1,1,1,,5,,8,,3,1,0,0,0,0,0,0,0,,1,1,1,1,0,0,0,1,0,1,0,0,0,0,1,1,"Wine bottle, shampoo and conditioner bottles, shaving cream cans, hairbrushes, markers",,,64,,,,10,,,,,,,,,,39,,61,,1,0,1,1,1,0,0,0,,2
306,,"2023-07-18 21:46:34",Yes,1,1,1,,3,2,2,,1,,1,,7,1,0,0,0,0,0,0,0,,1,1,0,0,0,0,0,0,0,0,0,0,0,0,0,1,N/A,,,,,,,,,,,,,,,,,,,,,5,1,1,0,0,0,0,0,,2
307,,"[not completed]",Yes,1,1,,,,,,,,,,,,,0,0,0,0,0,0,0,,,0,0,0,0,0,0,0,0,0,0,0,0,0,0,0,,,,,,,,,,,,,,,,,,,,,,,0,0,0,0,0,0,0,,0
308,,"[not completed]",Yes,1,1,,,,,,,,,,,,,0,0,0,0,0,0,0,,,0,0,0,0,0,0,0,0,0,0,0,0,0,0,0,,,,,,,,,,,,,,,,,,,,,,,0,0,0,0,0,0,0,,0
309,,"2023-07-19 13:09:42",Yes,1,1,1,,5,2,2,,1,,7,,6,1,0,0,0,0,0,0,0,,1,1,1,1,1,1,1,1,0,1,1,1,1,1,0,0,,50,,50,,,,50,,76,,76,,40,,60,,,,,,4,0,0,0,0,0,1,0,,2
310,,"[not completed]",Yes,1,1,,,,,,,,,,,,,0,0,0,0,0,0,0,,,0,0,0,0,0,0,0,0,0,0,0,0,0,0,0,,,,,,,,,,,,,,,,,,,,,,,0,0,0,0,0,0,0,,0
311,,"2023-07-20 09:24:48",Yes,1,2,,,,,,,,,,,,,0,0,0,0,0,0,0,,,0,0,0,0,0,0,0,0,0,0,0,0,0,0,0,,,,,,,,,,,,,,,,,,,,,,,0,0,0,0,0,0,0,,2
312,,"2023-07-20 16:34:34",Yes,1,1,1,,2,1,1,,7,,,,5,1,0,0,0,0,0,0,0,,1,1,1,0,1,1,1,1,0,1,0,0,0,0,0,0,,100,,72,,,,84,,,,,,,,,,,,,,4,0,0,0,0,0,1,0,,2
313,,"2023-07-20 18:58:44",Yes,1,1,2,Canada,2,2,2,,1,,14,,7,1,0,0,0,0,0,0,0,,1,0,0,0,1,1,0,0,0,1,0,0,0,0,0,0,,,,,,,,,,,,,,,,,,,,,,1,1,1,0,0,0,0,0,,2
314,,"[not completed]",Yes,,,,,,,,,,,,,,,0,0,0,0,0,0,0,,,0,0,0,0,0,0,0,0,0,0,0,0,0,0,0,,,,,,,,,,,,,,,,,,,,,,,0,0,0,0,0,0,0,,0
315,,"2023-07-20 20:39:17",Yes,1,1,1,,3,1,1,,3,,21,"HR ",7,1,0,0,0,0,0,0,0,,1,1,0,1,0,0,1,0,1,1,0,0,0,0,1,0,,65,,,,66,,100,,,,,,,,,,67,,,,5,0,1,0,0,0,0,0,,2
316,,"2023-07-20 23:26:32",Yes,1,1,1,,2,1,1,,1,,4,,6,0,0,1,0,1,1,0,0,,0,0,0,0,0,0,0,1,0,0,0,0,0,0,0,0,,,,75,,,,,,,,,,,,,,,,,,4,0,0,0,0,0,1,0,,2
317,,"[not completed]",Yes,,,,,,,,,,,,,,,0,0,0,0,0,0,0,,,0,0,0,0,0,0,0,0,0,0,0,0,0,0,0,,,,,,,,,,,,,,,,,,,,,,,0,0,0,0,0,0,0,,0
318,,"[not completed]",Yes,1,1,2,canada,2,2,2,,1,,3,,7,1,0,0,0,0,0,0,0,,1,1,1,0,0,0,0,0,0,0,0,0,0,1,1,0,,,,,,,,,,,,,,,,,,,,,,,0,0,0,0,0,0,0,,0
319,,"[not completed]",Yes,1,1,,,,,,,,,,,,,0,0,0,0,0,0,0,,,0,0,0,0,0,0,0,0,0,0,0,0,0,0,0,,,,,,,,,,,,,,,,,,,,,,,0,0,0,0,0,0,0,,0
320,,"2023-07-22 00:31:50",Yes,1,1,2,"United Kingdom",4,1,1,,3,,6,,7,1,0,0,0,0,0,0,0,,1,1,1,1,1,1,1,1,0,1,1,1,1,1,0,1,"Deodorant can, tv remote",89,,70,,,,100,,66,,58,,67,,50,,,,50,,6,0,1,1,0,0,0,1,,2
321,,"2023-07-22 07:41:14",Yes,1,1,1,,2,1,1,,1,,1,,6,1,0,0,0,0,0,0,0,,1,1,1,1,0,1,0,1,0,0,0,0,0,0,0,0,,,,35,,,,,,,,,,,,,,,,,,1,0,1,0,0,0,0,0,,2
322,,"2023-07-22 20:58:27",Yes,1,1,1,,2,1,1,,1,,2,,7,0,0,0,0,0,0,0,1,"No longer needed",0,0,0,0,0,0,0,0,0,0,0,0,0,0,0,1,"None ",,,,,,,,,,,,,,,,,,,,,,0,0,0,0,0,1,0,,2
323,,"2023-07-23 15:37:28",Yes,1,2,1,,4,2,2,,1,,1,,7,,0,0,0,0,0,0,0,,,0,0,0,0,0,0,0,0,0,0,0,0,0,0,0,,,,,,,,,,,,,,,,,,,,,,,0,0,0,0,0,0,0,,2
324,,"[not completed]",Yes,1,1,1,,3,2,2,,,,,,,,0,0,0,0,0,0,0,,,0,0,0,0,0,0,0,0,0,0,0,0,0,0,0,,,,,,,,,,,,,,,,,,,,,,,0,0,0,0,0,0,0,,0
325,,"2023-07-24 07:41:46",Yes,1,2,,,,,,,,,,,,,0,0,0,0,0,0,0,,,0,0,0,0,0,0,0,0,0,0,0,0,0,0,0,,,,,,,,,,,,,,,,,,,,,,,0,0,0,0,0,0,0,,2
326,,"2023-07-24 14:58:23",Yes,1,1,2,Uk,3,1,1,,1,,2,,5,1,0,0,0,0,0,0,0,,1,1,0,0,1,0,1,1,0,1,0,1,0,0,0,0,,50,,95,,,,65,,,,4,,,,,,,,,,1,0,1,1,0,0,0,0,,2
327,,"2023-07-24 18:12:06",Yes,1,1,1,,3,1,1,,3,,1,,7,1,0,0,0,0,0,0,0,,1,1,1,1,0,0,0,1,0,0,0,0,0,0,0,0,,,,92,,,,,,,,,,,,,,,,,,4,0,0,0,0,0,1,0,,2
328,,"2023-07-24 19:07:45",Yes,1,2,,,,,,,,,,,,,0,0,0,0,0,0,0,,,0,0,0,0,0,0,0,0,0,0,0,0,0,0,0,,,,,,,,,,,,,,,,,,,,,,,0,0,0,0,0,0,0,,2
329,,"2023-07-24 23:15:03",Yes,1,1,1,,2,1,3,,1,,2,,5,1,0,0,0,0,0,0,0,,1,1,1,1,1,1,1,1,0,1,0,0,0,1,1,0,,0,,,0,,,100,,,,,,,,,5,100,,,,3,0,0,0,0,0,1,0,,2
330,,"[not completed]",Yes,1,1,2,"Canada ",4,2,2,,1,,19,,4,1,0,0,0,0,0,0,0,,1,1,0,1,0,1,0,1,0,1,0,0,0,0,0,0,,,,,,,,,,,,,,,,,,,,,,,0,0,0,0,0,0,0,,0
331,,"2023-07-25 11:39:18",Yes,1,1,1,,5,2,2,,1,,4,,7,1,0,0,0,0,0,0,0,,1,1,0,0,0,1,0,0,0,1,0,1,0,0,0,0,,,,,,,,95,,,,95,,,,,,,,,,4,0,1,0,0,1,0,0,,2
332,,"2023-07-25 13:48:29",Yes,1,1,2,Germany,1,2,2,,5,,4,,3,1,0,0,0,0,0,0,0,,1,1,1,0,0,0,0,0,0,1,1,0,0,0,0,0,,,,,,,,62,,55,,,,,,,,,,,,4,0,0,0,0,0,1,0,,2
333,,"2023-07-25 15:40:58",Yes,1,1,1,,2,1,1,,7,,1,,5,1,0,0,0,0,0,0,0,,1,1,0,0,0,0,0,1,0,1,0,0,0,0,0,0,,,,92,,,,83,,,,,,,,,,,,,,2,0,0,0,0,0,1,0,,2
334,,"2023-07-25 17:30:02",Yes,1,1,1,,2,1,1,,1,,2,,3,0,0,1,1,0,0,0,0,,0,0,0,0,0,0,0,0,0,0,0,0,0,0,1,1,"Hair brush handle ",,,,,,,,,,,,,,,,,50,,72,,2,0,1,1,0,0,0,0,,2
335,,"2023-07-25 20:59:40",Yes,1,2,,,,,,,,,,,,,0,0,0,0,0,0,0,,,0,0,0,0,0,0,0,0,0,0,0,0,0,0,0,,,,,,,,,,,,,,,,,,,,,,,0,0,0,0,0,0,0,,2
336,,"2023-07-25 23:38:18",Yes,1,1,1,,2,2,2,,1,,7,,7,0,0,0,0,0,1,0,0,,0,0,0,0,0,0,0,0,0,0,0,0,0,0,0,1,"Shaver handle",,,,,,,,,,,,,,,,,,,,0,2,1,1,1,1,0,0,0,,2
337,,"2023-07-26 10:57:51",Yes,1,1,1,,2,1,1,,3,,12,,6,1,0,0,0,0,0,0,0,,1,1,1,1,0,0,0,0,0,0,0,1,0,0,0,1,comb,,,,,,,,,,,36,,,,,,,,62,,1,0,0,0,0,0,1,0,,2
338,,"2023-07-26 23:55:36",Yes,1,1,2,Jamaica,2,1,1,,4,,3,,7,1,0,0,0,0,0,0,0,,1,1,1,1,0,1,1,1,0,0,0,1,1,0,0,0,,50,,76,,,,,,,,74,,33,,,,,,,,5,1,1,0,0,1,0,0,,2
339,,"2023-07-27 10:31:41",Yes,1,1,1,,2,1,1,,1,,9,,7,1,0,0,0,0,0,0,0,,1,1,1,1,0,0,1,1,0,1,1,0,1,0,0,0,,100,,100,,,,100,,68,,,,100,,,,,,,,4,0,1,0,1,0,0,0,,2
340,,"2023-07-27 15:05:02",Yes,1,1,1,,6,1,1,,6,,18,,7,1,0,0,0,0,0,0,0,,1,1,1,0,0,0,1,0,0,0,1,0,1,0,1,1,"Hammer ",76,,,,,,,,99,,,,77,,,,50,,95,,4,0,0,1,0,0,0,0,,2
341,,"2023-07-27 15:21:29",Yes,1,1,1,,2,1,1,,1,,7,,4,1,0,0,0,0,0,0,0,,1,1,1,0,0,0,0,1,0,1,0,0,0,0,0,0,,,,,,,,95,,,,,,,,,,,,,,4,0,0,0,1,0,0,0,,2
342,,"[not completed]",Yes,1,1,2,"Argentina ",1,1,1,,5,,4,,1,,0,0,0,0,0,0,0,,,0,0,0,0,0,0,0,0,0,0,0,0,0,0,0,,,,,,,,,,,,,,,,,,,,,,,0,0,0,0,0,0,0,,0
343,,"2023-07-27 20:10:16",Yes,1,1,1,,2,1,1,,1,,1,,7,1,0,0,0,0,0,0,0,,1,1,0,0,0,0,0,0,0,1,0,0,0,0,0,0,,,,,,,,81,,,,,,,,,,,,,,5,0,0,0,1,0,0,0,,2
344,,"[not completed]",Yes,1,1,1,,1,2,2,,3,,14,,4,1,0,0,0,0,0,0,0,,1,0,0,0,1,0,0,0,0,0,0,0,0,0,1,0,,,,,,,,,,,,,,,,,,,,,,,0,0,0,0,0,0,0,,0
345,,"[not completed]",Yes,1,1,,,,,,,,,,,,,0,0,0,0,0,0,0,,,0,0,0,0,0,0,0,0,0,0,0,0,0,0,0,,,,,,,,,,,,,,,,,,,,,,,0,0,0,0,0,0,0,,0
346,,"2023-07-28 02:44:59",Yes,1,2,,,,,,,,,,,,,0,0,0,0,0,0,0,,,0,0,0,0,0,0,0,0,0,0,0,0,0,0,0,,,,,,,,,,,,,,,,,,,,,,,0,0,0,0,0,0,0,,2
347,,"2023-07-28 09:52:56",Yes,1,2,,,,,,,,,,,,,0,0,0,0,0,0,0,,,0,0,0,0,0,0,0,0,0,0,0,0,0,0,0,,,,,,,,,,,,,,,,,,,,,,,0,0,0,0,0,0,0,,2
348,,"2023-07-28 18:33:30",Yes,1,1,1,,3,1,1,,1,,2,,7,1,0,0,0,0,0,0,0,,1,1,1,1,0,1,1,1,0,0,0,0,0,0,1,0,,71,,74,,,,,,,,,,,,,,59,,,,4,0,0,0,0,0,1,0,,2
349,,"2023-07-29 03:04:39",Yes,1,1,2,"United Kingdom",3,1,1,,1,,7,,4,1,0,0,0,0,0,0,0,,1,1,0,0,0,0,1,1,0,0,0,0,0,0,1,1,"Hairbrush ",72,,83,,,,,,,,,,,,,,66,,77,,2,0,0,0,0,0,1,0,,2
350,,"2023-07-29 08:04:41",Yes,1,1,1,,4,2,2,,1,,1,,7,1,0,0,0,0,0,0,0,,1,0,0,0,0,1,0,0,0,0,0,0,0,0,0,1,"Electric string trimmer (weedwacker)",,,,,,,,,,,,,,,,,,,100,,4,0,0,0,0,0,1,0,,2
351,,"2023-07-29 14:14:26",Yes,1,1,1,,1,1,1,,4,,1,,4,1,0,0,0,0,0,0,0,,0,0,0,0,0,0,0,1,0,0,0,0,0,0,0,0,,,,28,,,,,,,,,,,,,,,,,,1,0,1,0,0,0,0,0,,2
352,,"2023-07-29 16:13:10",Yes,1,1,1,,1,2,2,,4,,21,"No career field",2,1,0,0,0,0,0,0,0,,1,0,1,1,0,0,0,1,0,0,0,0,0,0,1,1,Hairbrush,,,40,,,,,,,,,,,,,,59,,98,,3,1,0,0,0,0,0,0,,2
353,,"2023-07-29 19:32:26",Yes,1,1,1,,4,2,2,,1,,14,,7,1,0,0,0,0,0,0,0,,1,0,1,0,0,0,0,0,0,0,0,1,0,0,0,0,,,,,,,,,,,,50,,,,,,,,,,5,0,0,0,0,0,1,0,,2
354,,"[not completed]",Yes,1,1,,,,,,,,,,,,,0,0,0,0,0,0,0,,,0,0,0,0,0,0,0,0,0,0,0,0,0,0,0,,,,,,,,,,,,,,,,,,,,,,,0,0,0,0,0,0,0,,0
355,,"2023-07-30 13:24:06",Yes,1,2,,,,,,,,,,,,,0,0,0,0,0,0,0,,,0,0,0,0,0,0,0,0,0,0,0,0,0,0,0,,,,,,,,,,,,,,,,,,,,,,,0,0,0,0,0,0,0,,2
356,,"2023-07-30 21:24:46",Yes,1,1,1,,4,2,2,,1,,2,,7,1,0,0,0,0,0,0,0,,1,1,1,1,0,0,0,0,0,1,0,1,0,0,1,0,,,,,,,,92,,,,50,,,,,,31,,,,4,1,0,1,0,0,0,0,,2
357,,"2023-07-31 06:39:43",Yes,1,1,1,,2,1,1,,1,,17,,7,1,0,0,0,0,0,0,0,,1,1,1,0,0,0,0,1,0,1,1,1,0,0,0,1,"hair clips",,,67,,,,100,,64,,71,,,,,,,,75,,4,0,0,0,0,0,1,0,,2
358,,"2023-07-31 17:02:20",Yes,1,1,1,,2,1,1,,1,,11,,6,1,0,0,0,0,0,0,0,,1,1,0,0,0,0,0,1,0,0,1,1,0,0,0,0,,,,95,,,,,,66,,41,,,,,,,,,,4,0,0,0,0,0,1,0,,2
359,,"2023-08-01 08:52:10",No,,,,,,,,,,,,,,,0,0,0,0,0,0,0,,,0,0,0,0,0,0,0,0,0,0,0,0,0,0,0,,,,,,,,,,,,,,,,,,,,,,,0,0,0,0,0,0,0,,2
360,,"[not completed]",Yes,1,1,1,,5,2,2,,1,,7,,6,1,0,0,0,0,0,0,0,,1,1,1,0,1,1,1,1,0,1,1,1,1,1,1,0,,,,,,,,,,,,,,,,,,,,,,,0,0,0,0,0,0,0,,0
361,,"2023-08-01 19:31:56",Yes,1,2,,,,,,,,,,,,,0,0,0,0,0,0,0,,,0,0,0,0,0,0,0,0,0,0,0,0,0,0,0,,,,,,,,,,,,,,,,,,,,,,,0,0,0,0,0,0,0,,2
362,,"[not completed]",Yes,1,1,,,,,,,,,,,,,0,0,0,0,0,0,0,,,0,0,0,0,0,0,0,0,0,0,0,0,0,0,0,,,,,,,,,,,,,,,,,,,,,,,0,0,0,0,0,0,0,,0
363,,"2023-08-02 12:16:54",Yes,1,1,1,,2,1,1,,5,,1,,5,1,0,0,0,0,0,0,0,,1,1,1,1,0,0,0,1,0,0,0,1,1,0,1,0,,,,71,,,,,,,,66,,100,,,,,11,,,2,0,0,1,0,0,0,0,,2
364,,"2023-08-02 15:31:52",Yes,1,2,,,,,,,,,,,,,0,0,0,0,0,0,0,,,0,0,0,0,0,0,0,0,0,0,0,0,0,0,0,,,,,,,,,,,,,,,,,,,,,,,0,0,0,0,0,0,0,,2
365,,"2023-08-02 18:51:03",Yes,1,1,1,,1,1,4,,3,,19,,7,1,0,0,0,0,0,0,0,,1,1,1,1,0,0,1,1,0,1,0,1,1,1,1,0,,98,,95,,,,99,,,,95,,98,,94,,100,,,,5,0,0,0,0,0,1,0,,2
366,,"2023-08-02 20:12:06",Yes,1,1,1,,2,2,2,,1,,1,,7,1,0,0,0,0,0,0,0,,1,1,0,1,0,1,0,0,0,0,1,0,0,0,0,0,,,,,,,,,,,,,,,,,,,,,,1,0,0,0,0,0,1,0,,2
367,,"2023-08-03 00:26:30",Yes,1,1,1,,2,1,1,,1,,3,,5,1,0,0,0,0,0,0,0,,1,1,1,0,0,0,0,1,0,0,0,0,0,0,1,0,,,,94,,,,,,,,,,,,,,94,,,,3,0,0,0,0,0,1,0,,2
368,,"2023-08-03 10:56:39",Yes,1,1,1,,2,1,1,,7,,,,5,1,0,0,0,0,0,0,0,,1,1,1,0,1,1,0,0,0,0,0,0,0,0,0,1,none,,,,,,,,,,,,,,,,,,,100,,1,0,0,0,0,0,1,0,,2
369,,"2023-08-03 22:00:01",Yes,1,1,1,,1,1,1,,5,,1,,7,1,0,0,0,0,0,0,0,,1,1,1,0,0,0,1,1,0,0,0,0,1,1,1,1,"mascara; hairbrush",51,,79,,,,,,,,,,22,,79,,100,,100,,2,0,0,1,0,0,0,0,,2
370,,"[not completed]",,,,,,,,,,,,,,,,0,0,0,0,0,0,0,,,0,0,0,0,0,0,0,0,0,0,0,0,0,0,0,,,,,,,,,,,,,,,,,,,,,,,0,0,0,0,0,0,0,,0
371,,"2023-08-05 08:59:47",Yes,1,1,1,,2,1,1,,1,,11,,7,1,0,0,0,0,0,0,0,,1,0,1,1,0,0,1,1,0,0,0,0,0,0,1,1,"Bathtub jets",61,,90,,,,,,,,,,,,,,62,,100,,3,0,0,0,0,0,1,0,,2
372,,"2023-08-05 14:52:46",Yes,1,1,1,,3,1,1,,1,,10,,7,1,0,0,0,0,0,0,0,,0,0,0,0,0,0,0,0,0,0,0,0,1,0,1,0,,,,,,,,,,,,,,50,,,,100,,,,3,0,0,0,0,0,1,0,,2
373,,"2023-08-05 18:05:30",Yes,1,1,1,,1,1,1,,1,,1,,4,1,0,0,0,0,0,0,0,,1,1,0,1,0,0,0,0,0,1,0,0,0,0,1,0,,,,,,,,80,,,,,,,,,,70,,,,4,0,0,0,0,0,1,0,,2
374,,"[not completed]",Yes,,,,,,,,,,,,,,,0,0,0,0,0,0,0,,,0,0,0,0,0,0,0,0,0,0,0,0,0,0,0,,,,,,,,,,,,,,,,,,,,,,,0,0,0,0,0,0,0,,0
375,,"2023-08-08 08:20:59",Yes,1,1,1,,2,2,2,,1,,5,,7,1,0,0,0,0,0,0,0,,1,1,1,1,0,1,0,0,0,1,0,1,0,0,1,0,,,,,,,,75,,,,70,,,,,,50,,,,4,0,0,0,0,1,0,0,,2
376,,"2023-08-08 14:56:00",Yes,1,2,,,,,,,,,,,,,0,0,0,0,0,0,0,,,0,0,0,0,0,0,0,0,0,0,0,0,0,0,0,,,,,,,,,,,,,,,,,,,,,,,0,0,0,0,0,0,0,,2
377,,"2023-08-09 03:20:05",Yes,1,1,1,,4,1,1,,7,,,,6,1,0,0,0,0,0,0,0,,1,1,1,1,1,1,0,0,0,1,1,1,0,0,0,0,,,,,,,,100,,84,,74,,,,,,,,,,6,1,1,1,1,1,0,0,,2
378,,"2023-08-09 13:21:00",Yes,1,1,1,,3,2,2,,1,,7,,7,1,0,0,0,0,0,0,0,,1,1,1,1,1,0,0,0,0,0,1,0,0,0,0,0,,,,,,,,,,73,,,,,,,,,,,,4,0,0,0,0,0,1,0,,2
379,,"[not completed]",Yes,1,1,2,Canada,2,2,2,,1,,4,,7,1,0,0,0,0,0,0,0,,1,0,1,0,1,0,0,0,0,0,0,0,0,0,0,0,,,,,,,,,,,,,,,,,,,,,,,0,0,0,0,0,0,0,,0
380,,"[not completed]",Yes,1,1,2,,1,1,1,,1,,18,,5,1,0,0,0,0,0,0,0,,0,0,0,0,0,0,1,1,0,0,0,0,0,0,0,0,,,,,,,,,,,,,,,,,,,,,,,0,0,0,0,0,0,0,,0
381,,"2023-08-12 11:15:01",Yes,1,2,,,,,,,,,,,,,0,0,0,0,0,0,0,,,0,0,0,0,0,0,0,0,0,0,0,0,0,0,0,,,,,,,,,,,,,,,,,,,,,,,0,0,0,0,0,0,0,,2
382,,"[not completed]",Yes,1,,,,,,,,,,,,,,0,0,0,0,0,0,0,,,0,0,0,0,0,0,0,0,0,0,0,0,0,0,0,,,,,,,,,,,,,,,,,,,,,,,0,0,0,0,0,0,0,,0
383,,"2023-08-17 02:13:38",Yes,1,1,1,,2,1,1,,7,,19,,5,1,0,0,0,0,0,0,0,,0,0,0,0,0,0,0,1,0,0,0,0,1,0,0,0,,,,100,,,,,,,,,,71,,,,,,,,1,0,1,0,0,0,0,0,,2
384,,"2023-08-21 21:45:58",Yes,1,1,2,Canada,4,2,2,,1,,4,,7,1,0,0,0,0,0,0,0,,1,1,1,0,0,0,0,1,0,0,0,1,0,0,0,0,,,,,,,,,,,,,,,,,,,,,,5,0,0,0,0,0,1,0,,2
385,,"2023-08-22 10:39:16",Yes,1,1,1,,3,2,7,Genderfluid,1,,4,,7,1,0,0,0,0,0,0,0,,0,0,0,0,0,0,1,0,0,0,0,0,1,0,0,0,,13,,,,,,,,,,,,76,,,,,,,,1,1,1,1,0,1,0,0,,2
386,,"2023-08-22 19:32:17",Yes,1,2,,,,,,,,,,,,,0,0,0,0,0,0,0,,,0,0,0,0,0,0,0,0,0,0,0,0,0,0,0,,,,,,,,,,,,,,,,,,,,,,,0,0,0,0,0,0,0,,2
387,,"2023-08-23 08:59:03",Yes,1,1,1,,4,1,1,,1,,4,,7,1,0,0,0,0,0,0,0,,1,1,1,0,0,1,0,1,0,0,1,0,0,0,0,1,"Washcloth folded and put into a condom to create a dildo",,,84,,,,,,,,,,,,,,,,33,,4,1,0,0,0,0,0,0,,2
388,,"2023-08-23 12:06:25",Yes,1,1,2,Canada,4,2,2,,2,,4,,7,1,0,0,0,0,0,0,0,,1,1,1,0,0,0,0,0,0,0,0,0,0,0,0,1,dildo,,,,,,,,,,,,,,,,,,,50,,5,0,1,0,0,0,0,0,,2
389,,"[not completed]",Yes,1,1,,,,,,,,,,,,,0,0,0,0,0,0,0,,,0,0,0,0,0,0,0,0,0,0,0,0,0,0,0,,,,,,,,,,,,,,,,,,,,,,,0,0,0,0,0,0,0,,0
390,,"[not completed]",Yes,1,1,,,,,,,,,,,,,0,0,0,0,0,0,0,,,0,0,0,0,0,0,0,0,0,0,0,0,0,0,0,,,,,,,,,,,,,,,,,,,,,,,0,0,0,0,0,0,0,,0
391,,"2023-08-30 18:41:40",Yes,1,2,,,,,,,,,,,,,0,0,0,0,0,0,0,,,0,0,0,0,0,0,0,0,0,0,0,0,0,0,0,,,,,,,,,,,,,,,,,,,,,,,0,0,0,0,0,0,0,,2
392,,"2023-08-31 08:20:03",Yes,1,1,1,,1,1,1,,5,,1,,7,0,0,0,1,1,1,0,0,,0,0,0,0,0,0,0,0,0,0,0,1,0,0,0,1,"Plant. A very stiff, smooth plant. It really looked like a dildo.",,,,,,,,,,,93,,,,,,,,69,,1,0,0,0,0,0,1,0,,2
393,,"2023-09-01 10:01:23",Yes,1,1,2,India,1,1,1,,5,,4,,1,1,0,0,0,0,0,0,0,,0,0,0,0,0,0,0,1,0,1,0,1,1,1,1,0,,,,57,,,,91,,,,65,,73,,70,,91,,,,2,0,1,0,1,1,0,0,,2
394,,"2023-09-01 10:16:13",Yes,1,2,,,,,,,,,,,,,0,0,0,0,0,0,0,,,0,0,0,0,0,0,0,0,0,0,0,0,0,0,0,,,,,,,,,,,,,,,,,,,,,,,0,0,0,0,0,0,0,,2
395,,"2023-09-01 20:18:08",Yes,1,1,1,,2,1,1,,1,,1,,6,1,0,0,0,0,0,0,0,,1,1,0,1,0,1,0,1,0,0,0,0,0,0,0,1,"Lint roller handle",,,75,,,,,,,,,,,,,,,,66,,2,0,1,0,0,0,0,0,,2
396,,"[not completed]",Yes,,,,,,,,,,,,,,,0,0,0,0,0,0,0,,,0,0,0,0,0,0,0,0,0,0,0,0,0,0,0,,,,,,,,,,,,,,,,,,,,,,,0,0,0,0,0,0,0,,0
397,,"[not completed]",Yes,1,1,,,,,,,,,,,,,0,0,0,0,0,0,0,,,0,0,0,0,0,0,0,0,0,0,0,0,0,0,0,,,,,,,,,,,,,,,,,,,,,,,0,0,0,0,0,0,0,,0
398,,"2023-09-07 17:46:17",Yes,1,1,1,,2,1,1,,1,,1,,2,1,0,0,0,0,0,0,0,,1,1,1,1,0,0,1,1,0,0,0,1,0,0,0,0,,87,,78,,,,,,,,56,,,,,,,,,,4,1,1,1,1,1,0,0,,2
399,,"[not completed]",Yes,1,1,1,,1,2,2,,,,,,,,0,0,0,0,0,0,0,,,0,0,0,0,0,0,0,0,0,0,0,0,0,0,0,,,,,,,,,,,,,,,,,,,,,,,0,0,0,0,0,0,0,,0
400,,"[not completed]",Yes,1,1,,,,,,,,,,,,,0,0,0,0,0,0,0,,,0,0,0,0,0,0,0,0,0,0,0,0,0,0,0,,,,,,,,,,,,,,,,,,,,,,,0,0,0,0,0,0,0,,0
401,,"[not completed]",Yes,1,1,1,,2,2,2,,1,,11,,7,1,0,0,0,0,0,0,0,,1,1,0,1,0,1,0,1,0,0,1,0,1,0,0,0,,,,,,,,,,,,,,,,,,,,,,,0,0,0,0,0,0,0,,0
402,,"2023-09-20 12:06:29",Yes,1,1,2,Germany,2,2,3,,1,,4,,5,1,0,0,0,0,0,0,0,,1,1,1,1,1,1,0,1,0,1,0,1,1,1,0,0,,,,74,,,,100,,,,81,,78,,64,,,,,,1,0,0,0,0,0,1,0,,2
403,,"2023-09-27 22:54:22",Yes,1,1,1,,3,2,2,,1,,13,,5,1,0,0,0,0,0,0,0,,1,0,0,0,1,1,0,0,0,1,0,0,0,0,0,0,,,,,,,,50,,,,,,,,,,,,,,3,0,0,0,0,0,1,0,,2
404,,"[not completed]",Yes,,,,,,,,,,,,,,,0,0,0,0,0,0,0,,,0,0,0,0,0,0,0,0,0,0,0,0,0,0,0,,,,,,,,,,,,,,,,,,,,,,,0,0,0,0,0,0,0,,0
405,,"2023-09-30 21:23:23",Yes,1,1,2,Canada,2,1,1,,1,,21,Architecture,5,1,0,0,0,0,0,0,0,,1,1,1,1,0,0,0,0,0,0,1,0,0,0,0,1,Hairbrush,,,,,,,,,99,,,,,,,,,,73,,2,0,1,0,0,0,0,0,,2
406,,"2023-10-06 10:30:04",Yes,1,1,1,,2,1,1,,1,,3,,6,1,0,0,0,0,0,0,0,,1,1,1,1,0,0,0,0,0,0,0,0,0,1,0,0,,,,,,,,,,,,,,,,68,,,,,,5,0,1,0,0,0,0,0,,2
407,,"2023-11-04 13:46:54",Yes,1,1,2,Canada,1,1,5,,4,,6,,1,1,0,0,0,0,0,0,0,,1,1,1,1,0,0,1,1,1,0,0,1,1,1,1,0,,52,,69,,31,,,,,,83,,14,,60,,65,,,,3,0,0,0,1,0,0,0,,2
