"","record_id","redcap_survey_identifier","household_sex_toy_usage_survey_timestamp","consent","screening_age","screening_usage","country_origin","country_name","age","gender_birth","gender_expression","gender_other","employment","employment_other","career","career_other","household_income","access_sextoys","access_no___1","access_no___2","access_no___3","access_no___4","access_no___5","access_no___6","access_no___7","access_no_other","own_trad_sextoys","categorize_sextoys___1","categorize_sextoys___2","categorize_sextoys___3","categorize_sextoys___4","categorize_sextoys___5","household_select___1","household_select___2","household_select___3","household_select___4","household_select___5","household_select___6","household_select___7","household_select___8","household_select___9","household_select___10","householditem_other","toothbrush_satisfaction","household_recommend_1","showerhead_satisfaction","showerhead_recommend","washmachine_satisfaction","washmachine_recommend","massagewand_satisfaction","massagewand_recommend","silktie_satisfaction","silktie_recommend","icecube_satisfaction","icecube_recommend","produce_satisfaction","produce_recommend","furniture_satisfaction","furniture_recommend","pillow_satisfaction","pillow_recommend","other_satisfaction","other_recommend","household_cost","safety_concerns___1","safety_concerns___2","safety_concerns___3","safety_concerns___4","safety_concerns___5","safety_concerns___6","safety_concerns___7","other_concern","household_sex_toy_usage_survey_complete","household_sum","traditional_sum","total_toys","household_toy","superuser"
"1",12,NA,"2023-06-24 15:46:31","Yes",1,1,1,"",5,2,2,"",6,"",14,"",6,1,0,0,0,0,0,0,0,"",1,1,0,0,0,1,0,1,0,0,0,0,0,0,0,1,"Regular toothbrush ",NA,NA,50,NA,NA,NA,NA,NA,NA,NA,NA,NA,NA,NA,NA,NA,NA,NA,68,NA,2,0,1,0,1,0,0,0,NA,2,2,2,3,TRUE,FALSE
"2",14,NA,"2023-06-24 15:56:07","Yes",1,1,1,"",4,1,1,"",1,"",6,"",5,1,0,0,0,0,0,0,0,"",1,1,1,0,0,0,0,1,0,1,0,0,0,0,0,0,"",NA,NA,69,NA,NA,NA,83,NA,NA,NA,NA,NA,NA,NA,NA,NA,NA,NA,NA,NA,5,1,1,0,0,0,0,0,NA,2,2,2,4,TRUE,FALSE
"3",15,NA,"2023-06-24 15:56:55","Yes",1,1,1,"",3,2,2,"",1,"",11,"",4,1,0,0,0,0,0,0,0,"",1,0,1,0,1,0,0,0,0,0,0,0,0,0,0,1,"magic marker",NA,NA,NA,NA,NA,NA,NA,NA,NA,NA,NA,NA,NA,NA,NA,NA,NA,NA,NA,34,1,0,1,0,0,0,0,0,NA,2,1,2,2,TRUE,FALSE
"4",17,NA,"2023-06-24 16:03:36","Yes",1,1,1,"",5,2,2,"",6,"",5,"",7,1,0,0,0,0,0,0,0,"",1,1,0,1,0,1,0,0,0,0,0,0,1,0,0,0,"",NA,NA,NA,NA,NA,NA,NA,NA,NA,NA,NA,NA,71,NA,NA,NA,NA,NA,NA,NA,1,1,1,1,0,0,0,0,NA,2,3,3,4,TRUE,TRUE
"5",19,NA,"2023-06-24 16:04:29","Yes",1,1,1,"",3,2,2,"",1,"",18,"",5,1,0,0,0,0,0,0,0,"",1,1,0,1,0,0,0,1,0,0,1,1,1,0,0,0,"",NA,NA,90,NA,NA,NA,NA,NA,28,NA,50,NA,77,NA,NA,NA,NA,NA,NA,NA,4,1,1,1,1,0,0,0,NA,2,5,2,6,TRUE,TRUE
"6",22,NA,"2023-06-24 16:11:15","Yes",1,1,1,"",2,2,2,"",1,"",4,"",7,0,0,1,0,1,1,0,0,"",0,0,0,0,0,0,0,0,0,0,0,0,0,0,0,1,"None",NA,NA,NA,NA,NA,NA,NA,NA,NA,NA,NA,NA,NA,NA,NA,NA,NA,NA,NA,NA,NA,0,0,0,0,0,0,0,NA,2,0,0,0,FALSE,FALSE
"7",23,NA,"2023-06-24 16:12:32","Yes",1,1,1,"",6,2,2,"",6,"",21,"Construction and manufacturing ",6,1,0,0,0,0,0,0,0,"",0,0,0,0,0,0,0,1,0,0,1,0,0,0,0,0,"",NA,NA,75,NA,NA,NA,NA,NA,50,NA,NA,NA,NA,NA,NA,NA,NA,NA,NA,NA,2,0,0,1,0,0,0,0,NA,2,2,0,2,TRUE,FALSE
"8",24,NA,"2023-06-24 16:14:30","Yes",1,1,1,"",3,1,1,"",1,"",11,"",7,1,0,0,0,0,0,0,0,"",1,1,1,1,0,0,0,1,0,0,0,0,0,0,1,0,"",NA,NA,65,NA,NA,NA,NA,NA,NA,NA,NA,NA,NA,NA,NA,NA,77,NA,NA,NA,4,1,1,0,0,0,0,0,NA,2,2,3,4,TRUE,FALSE
"9",32,NA,"2023-06-24 16:44:12","Yes",1,1,1,"",2,2,1,"",3,"",6,"",7,1,0,0,0,0,0,0,0,"",1,1,1,1,0,1,1,1,0,1,0,1,1,0,1,1,"wood carving",95,NA,88,NA,NA,NA,89,NA,NA,NA,67,NA,63,NA,NA,NA,NA,30,72,NA,4,1,1,1,0,1,0,0,NA,2,7,4,9,TRUE,TRUE
"10",37,NA,"[not completed]","Yes",1,1,1,"",1,2,2,"",1,"",21,"",NA,1,0,0,0,0,0,0,0,"",1,1,1,1,1,1,1,0,0,0,0,1,0,0,0,1," brush",NA,NA,NA,NA,NA,NA,NA,NA,NA,NA,NA,NA,NA,NA,NA,NA,NA,NA,NA,NA,NA,0,0,0,0,0,0,0,NA,0,5,5,7,TRUE,TRUE
"11",40,NA,"2023-06-24 17:16:43","Yes",1,1,1,"",1,1,1,"",2,"",13,"",5,1,0,0,0,0,0,0,0,"",1,1,1,0,0,0,1,1,0,0,0,1,1,0,0,0,"",100,NA,84,NA,NA,NA,NA,NA,NA,NA,63,NA,31,NA,NA,NA,NA,NA,NA,NA,3,1,1,1,0,0,0,0,NA,2,4,2,6,TRUE,TRUE
"12",41,NA,"2023-06-24 17:26:01","Yes",1,1,1,"",2,2,2,"",2,"",6,"",1,1,0,0,0,0,0,0,0,"",1,0,1,0,1,1,0,1,0,0,0,1,0,1,1,0,"",NA,NA,78,NA,NA,NA,NA,NA,NA,NA,92,NA,NA,NA,78,NA,80,NA,NA,NA,NA,1,0,0,0,0,0,0,NA,2,4,3,5,TRUE,TRUE
"13",43,NA,"2023-06-24 17:26:49","Yes",1,1,1,"",2,2,2,"",1,"",5,"",6,0,0,0,0,1,0,0,0,"",0,0,0,0,0,0,0,1,0,0,0,0,0,0,0,0,"",NA,NA,67,NA,NA,NA,NA,NA,NA,NA,NA,NA,NA,NA,NA,NA,NA,NA,NA,NA,4,0,0,0,0,0,0,0,NA,2,1,0,1,TRUE,FALSE
"14",45,NA,"[not completed]","Yes",1,1,1,"",2,1,1,"",1,"",4,"",7,1,0,0,0,0,0,0,0,"",1,1,1,1,0,0,1,1,0,0,0,1,0,1,1,0,"",NA,NA,NA,NA,NA,NA,NA,NA,NA,NA,NA,NA,NA,NA,NA,NA,NA,NA,NA,NA,NA,0,0,0,0,0,0,0,NA,0,4,3,6,TRUE,TRUE
"15",46,NA,"2023-06-24 17:34:28","Yes",1,1,1,"",2,1,3,"",4,"",21,"disabled ",3,1,0,0,0,0,0,0,0,"",1,1,0,0,0,0,1,0,0,0,1,0,0,1,1,0,"",78,NA,NA,NA,NA,NA,NA,NA,100,NA,NA,NA,NA,NA,78,NA,100,NA,NA,NA,1,0,1,0,0,0,0,0,NA,2,2,1,3,TRUE,FALSE
"16",47,NA,"2023-06-24 17:34:44","Yes",1,1,1,"",1,1,5,"",5,"",8,"",6,1,0,0,0,0,0,0,0,"",1,1,1,0,0,0,1,1,0,0,1,0,0,1,0,0,"",52,NA,100,NA,NA,NA,NA,NA,70,NA,NA,NA,NA,NA,56,NA,NA,NA,NA,NA,4,0,1,0,1,0,0,0,NA,2,3,2,5,TRUE,TRUE
"17",49,NA,"2023-06-24 17:41:12","Yes",1,1,1,"",3,2,1,"",1,"",6,"",7,1,0,0,0,0,0,0,0,"",1,1,1,1,1,1,1,1,0,1,0,1,1,0,0,1,"small plastic bottle",NA,NA,NA,NA,NA,NA,69,NA,NA,NA,79,NA,74,NA,NA,NA,NA,NA,72,NA,1,0,0,0,0,0,0,0,NA,2,8,5,10,TRUE,TRUE
"18",50,NA,"2023-06-24 17:41:49","Yes",1,1,1,"",1,1,1,"",1,"",2,"",4,1,0,0,0,0,0,0,0,"",1,1,1,1,0,0,1,1,0,0,0,1,0,0,0,0,"",77,NA,100,NA,NA,NA,NA,NA,NA,NA,1,NA,NA,NA,NA,NA,NA,NA,NA,NA,3,0,0,1,0,0,0,0,NA,2,4,3,6,TRUE,TRUE
"19",53,NA,"2023-06-24 17:50:45","Yes",1,1,1,"",5,2,2,"",1,"",3,"",7,1,0,0,0,0,0,0,0,"",1,1,1,1,0,1,0,0,0,1,0,1,0,0,0,0,"",NA,NA,NA,NA,NA,NA,79,NA,NA,NA,78,NA,NA,NA,NA,NA,NA,NA,NA,NA,6,1,1,0,0,0,0,0,NA,2,4,4,6,TRUE,TRUE
"20",56,NA,"2023-06-24 17:53:29","Yes",1,1,1,"",3,2,2,"",1,"",13,"",5,1,0,0,0,0,0,0,0,"",1,1,0,1,1,1,0,0,0,0,0,0,0,0,0,1,"",NA,NA,NA,NA,NA,NA,NA,NA,NA,NA,NA,NA,NA,NA,NA,NA,NA,NA,NA,21,2,1,1,0,1,0,0,0,NA,2,3,4,4,TRUE,TRUE
"21",57,NA,"2023-06-24 18:11:45","Yes",1,1,1,"",4,1,1,"",1,"",11,"",4,1,0,0,0,0,0,0,0,"",1,1,1,1,0,0,0,1,0,0,0,0,1,0,0,1,"plastic bottles ",NA,NA,82,NA,NA,NA,NA,NA,NA,NA,NA,NA,NA,82,NA,NA,NA,NA,32,NA,1,0,1,0,0,0,0,0,NA,2,3,3,5,TRUE,TRUE
"22",59,NA,"2023-06-24 17:59:10","Yes",1,1,1,"",3,2,2,"",3,"",4,"",1,1,0,0,0,0,0,0,0,"",1,1,1,1,0,1,0,1,0,1,0,0,0,0,0,0,"",NA,NA,NA,NA,NA,NA,96,NA,NA,NA,NA,NA,NA,NA,NA,NA,NA,NA,NA,NA,4,1,1,1,1,0,0,0,NA,2,4,4,6,TRUE,TRUE
"23",65,NA,"2023-06-24 18:30:29","Yes",1,1,1,"",2,1,1,"",5,"",8,"",1,1,0,0,0,0,0,0,0,"",1,1,1,0,0,0,0,1,0,0,0,0,0,1,1,1,"hairbrush",NA,NA,76,NA,NA,NA,NA,NA,NA,NA,NA,NA,NA,NA,64,NA,100,NA,70,NA,2,0,1,0,0,0,0,0,NA,2,1,2,3,TRUE,FALSE
"24",68,NA,"2023-06-24 18:50:36","Yes",1,1,1,"",4,2,2,"",1,"",5,"",6,1,0,0,0,0,0,0,0,"",1,1,1,0,0,0,0,0,0,0,0,0,0,0,0,1,"massager",NA,NA,NA,NA,NA,NA,NA,NA,NA,NA,NA,NA,NA,NA,NA,NA,NA,NA,NA,NA,5,0,1,0,0,0,0,0,NA,2,0,2,2,FALSE,FALSE
"25",70,NA,"2023-06-24 18:55:34","Yes",1,1,1,"",2,1,1,"",6,"",5,"",7,1,0,0,0,0,0,0,0,"",1,1,1,1,0,0,1,1,0,1,1,0,1,0,1,0,"",70,NA,84,NA,NA,NA,38,NA,44,NA,NA,NA,60,NA,NA,NA,57,NA,NA,NA,5,0,0,0,1,0,0,0,NA,2,6,3,8,TRUE,TRUE
"26",71,NA,"2023-06-24 19:08:31","Yes",1,1,1,"",1,1,1,"",1,"",21,"",3,1,0,0,0,0,0,0,0,"",1,1,1,0,0,0,0,0,1,0,0,0,0,0,0,1,"hairbrush handle, razor handle",NA,NA,NA,NA,57,NA,NA,NA,NA,NA,NA,NA,NA,NA,NA,NA,NA,NA,65,NA,2,1,1,0,0,0,0,0,NA,2,1,2,3,TRUE,FALSE
"27",72,NA,"[not completed]","Yes",1,1,1,"",1,2,2,"",5,"",NA,"",NA,0,1,0,0,1,1,0,0,"",0,0,0,0,0,0,0,0,0,0,0,0,0,0,0,0,"",NA,NA,NA,NA,NA,NA,NA,NA,NA,NA,NA,NA,NA,NA,NA,NA,NA,NA,NA,NA,NA,0,0,0,0,0,0,0,NA,0,0,0,0,FALSE,FALSE
"28",74,NA,"2023-06-24 19:18:07","Yes",1,1,1,"",4,2,2,"",1,"",21,"Utility worker",6,1,0,0,0,0,0,0,0,"",0,0,0,0,0,0,0,0,0,0,0,0,0,0,0,0,"",NA,NA,NA,NA,NA,NA,NA,NA,NA,NA,NA,NA,NA,NA,NA,NA,NA,NA,NA,NA,NA,0,0,0,0,0,0,0,NA,2,0,0,0,FALSE,FALSE
"29",78,NA,"[not completed]","Yes",1,1,1,"",2,1,1,"",1,"",11,"",4,1,0,0,0,0,0,0,0,"",1,1,0,0,0,0,1,0,0,1,0,0,0,0,0,0,"",NA,NA,NA,NA,NA,NA,NA,NA,NA,NA,NA,NA,NA,NA,NA,NA,NA,NA,NA,NA,NA,0,0,0,0,0,0,0,NA,0,2,1,3,TRUE,FALSE
"30",80,NA,"2023-06-24 19:54:44","Yes",1,1,1,"",1,1,1,"",5,"",1,"",3,1,0,0,0,0,0,0,0,"",1,1,1,1,0,0,0,1,0,0,0,0,1,1,1,0,"",NA,NA,100,NA,NA,NA,NA,NA,NA,NA,NA,NA,27,NA,77,NA,100,NA,NA,NA,3,0,1,0,0,0,0,0,NA,2,3,3,5,TRUE,TRUE
"31",82,NA,"2023-06-24 19:57:30","Yes",1,1,1,"",1,1,1,"",4,"",8,"",1,1,0,0,0,0,0,0,0,"",0,0,0,0,0,0,1,1,0,0,0,0,0,0,0,0,"",88,NA,73,NA,NA,NA,NA,NA,NA,NA,NA,NA,NA,NA,NA,NA,NA,NA,NA,NA,5,0,0,0,0,0,0,0,NA,2,2,0,2,TRUE,FALSE
"32",87,NA,"2023-06-24 20:15:57","Yes",1,1,1,"",2,1,3,"",1,"",11,"",3,1,0,0,0,0,0,0,0,"",1,1,1,1,0,0,0,1,0,0,0,1,0,1,0,1,"",NA,NA,90,NA,NA,NA,NA,NA,NA,NA,59,NA,NA,NA,69,NA,NA,NA,72,NA,2,1,1,0,1,0,0,0,NA,2,3,3,5,TRUE,TRUE
"33",90,NA,"[not completed]","Yes",1,1,1,"",3,2,2,"",1,"",2,"",7,1,0,0,0,0,0,0,0,"",1,1,0,0,0,1,1,0,0,1,0,0,0,0,0,0,"",NA,NA,NA,NA,NA,NA,NA,NA,NA,NA,NA,NA,NA,NA,NA,NA,NA,NA,NA,NA,NA,0,0,0,0,0,0,0,NA,0,3,2,4,TRUE,TRUE
"34",93,NA,"2023-06-24 20:31:46","Yes",1,1,1,"",4,1,1,"",1,"",2,"",7,1,0,0,0,0,0,0,0,"",1,1,0,0,0,0,1,1,0,1,0,0,0,0,0,0,"",88,NA,83,NA,NA,NA,93,NA,NA,NA,NA,NA,NA,NA,NA,NA,NA,NA,NA,NA,5,0,0,0,1,0,0,0,NA,2,3,1,4,TRUE,TRUE
"35",94,NA,"2023-06-24 20:35:38","Yes",1,1,1,"",2,2,2,"",1,"",1,"",6,0,0,0,0,0,0,0,1,"Lack of interest",0,0,0,0,0,0,0,0,0,0,0,0,0,1,1,0,"",NA,NA,NA,NA,NA,NA,NA,NA,NA,NA,NA,NA,NA,NA,NA,NA,NA,NA,NA,NA,1,0,1,0,0,0,0,0,NA,2,0,0,0,FALSE,FALSE
"36",97,NA,"2023-06-24 20:45:09","Yes",1,1,1,"",3,1,1,"",1,"",2,"",7,1,0,0,0,0,0,0,0,"",1,1,1,1,0,0,0,0,0,1,0,0,0,0,0,0,"",NA,NA,NA,NA,NA,NA,89,NA,NA,NA,NA,NA,NA,NA,NA,NA,NA,NA,NA,NA,4,0,1,0,0,0,0,0,NA,2,2,3,4,TRUE,FALSE
"37",98,NA,"2023-06-24 20:45:31","Yes",1,1,1,"",5,2,2,"",3,"",6,"",6,1,0,0,0,0,0,0,0,"",1,1,1,1,0,0,0,0,0,0,1,0,1,0,0,0,"",NA,NA,NA,NA,NA,NA,NA,NA,NA,NA,NA,NA,NA,NA,NA,NA,NA,NA,NA,NA,1,1,0,0,0,0,0,0,NA,2,3,3,5,TRUE,TRUE
"38",99,NA,"2023-06-24 20:49:35","Yes",1,1,1,"",5,1,1,"",6,"",1,"",7,1,0,0,0,0,0,0,0,"",1,1,1,1,1,1,0,1,0,1,0,0,1,0,0,0,"",NA,NA,78,NA,NA,NA,88,NA,NA,NA,NA,NA,65,NA,NA,NA,NA,NA,NA,NA,5,1,1,0,0,0,0,0,NA,2,6,5,8,TRUE,TRUE
"39",101,NA,"2023-06-24 21:00:49","Yes",1,1,1,"",2,1,1,"",1,"",1,"",3,1,0,0,0,0,0,0,0,"",1,1,1,1,0,0,1,1,0,1,0,1,1,0,1,1,"hairbrush, glass soda bottles",63,NA,77,NA,NA,NA,100,NA,NA,NA,50,NA,69,NA,NA,NA,96,NA,77,NA,2,0,1,1,0,0,0,0,NA,2,6,3,8,TRUE,TRUE
"40",103,NA,"2023-06-24 21:20:33","Yes",1,1,1,"",1,1,3,"",4,"",1,"",2,1,0,0,0,0,0,0,0,"",1,1,1,0,0,0,0,1,0,0,1,0,0,0,1,0,"",NA,NA,92,NA,NA,NA,NA,NA,84,NA,NA,NA,NA,NA,NA,NA,16,NA,NA,NA,3,0,1,0,0,0,0,0,NA,2,2,2,4,TRUE,FALSE
"41",107,NA,"2023-06-24 21:54:01","Yes",1,1,1,"",1,1,1,"",4,"",10,"",NA,1,0,0,0,0,0,0,0,"",1,1,0,0,0,1,0,1,0,0,0,0,0,1,1,1,"hair brush ",NA,NA,66,NA,NA,NA,NA,NA,NA,NA,NA,NA,NA,NA,50,NA,35,NA,61,NA,3,1,1,0,0,0,0,0,NA,2,2,2,3,TRUE,FALSE
"42",108,NA,"2023-06-24 21:59:32","Yes",1,1,1,"",1,1,2,"",8,"I am disabled and on SSI ",21,"None",1,1,0,0,0,0,0,0,0,"",1,1,1,1,0,0,0,0,0,1,0,0,0,1,1,1,"A sensory toy called glitter wands/glitter tubes. It's a long, thin plastic stick that has water and glitter inside.",NA,NA,NA,NA,NA,NA,94,NA,NA,NA,NA,NA,NA,NA,72,NA,86,NA,91,NA,3,1,1,1,0,0,0,0,NA,2,2,3,4,TRUE,FALSE
"43",109,NA,"2023-06-24 21:58:30","Yes",1,1,1,"",1,1,1,"",1,"",1,"",5,1,0,0,0,0,0,0,0,"",1,1,1,0,0,0,1,1,0,0,0,1,0,1,1,0,"",99,NA,100,NA,NA,NA,NA,NA,NA,NA,50,NA,NA,NA,50,NA,77,NA,NA,NA,2,0,1,0,0,0,0,0,NA,2,3,2,5,TRUE,TRUE
"44",113,NA,"2023-06-24 22:12:52","Yes",1,1,1,"",2,1,1,"",1,"",8,"",7,1,0,0,0,0,0,0,0,"",1,1,1,1,1,1,0,1,0,1,1,1,0,0,1,0,"",NA,NA,81,NA,NA,NA,58,NA,61,NA,100,NA,NA,NA,NA,NA,61,NA,NA,NA,4,1,0,0,0,0,0,0,NA,2,7,5,9,TRUE,TRUE
"45",114,NA,"2023-06-24 22:17:49","Yes",1,1,1,"",3,2,2,"",1,"",11,"",5,1,0,0,0,0,0,0,0,"",1,1,1,0,1,0,0,1,0,0,0,0,1,0,0,0,"",NA,NA,70,NA,NA,NA,NA,NA,NA,NA,NA,NA,25,NA,NA,NA,NA,NA,NA,NA,3,1,1,1,0,0,0,0,NA,2,3,3,5,TRUE,TRUE
"46",118,NA,"2023-06-24 22:52:20","Yes",1,1,1,"",1,1,1,"",1,"",16,"",2,1,0,0,0,0,0,0,0,"",1,1,0,0,0,0,1,1,0,0,0,0,0,0,0,0,"",95,NA,100,NA,NA,NA,NA,NA,NA,NA,NA,NA,NA,NA,NA,NA,NA,NA,NA,NA,3,0,1,0,0,1,0,0,NA,2,2,1,3,TRUE,FALSE
"47",119,NA,"2023-06-24 22:56:46","Yes",1,1,1,"",1,2,2,"",1,"",4,"",3,1,0,0,0,0,0,0,0,"",1,1,0,1,0,1,1,0,0,0,0,0,0,0,1,0,"",69,NA,NA,NA,NA,NA,NA,NA,NA,NA,NA,NA,NA,NA,NA,NA,63,NA,NA,NA,4,1,1,1,0,0,0,0,NA,2,3,3,4,TRUE,TRUE
"48",121,NA,"2023-06-24 23:04:24","Yes",1,1,1,"",2,2,2,"",1,"",4,"",6,1,0,0,0,0,0,0,0,"",1,1,0,1,1,1,0,0,0,1,0,0,0,0,1,1,"Handles of kitchen spoons",NA,NA,NA,NA,NA,NA,100,NA,NA,NA,NA,NA,NA,NA,NA,NA,100,NA,67,NA,5,0,1,0,0,0,0,0,NA,2,4,4,5,TRUE,TRUE
"49",122,NA,"2023-06-24 23:14:12","Yes",1,1,1,"",4,2,2,"",3,"",2,"",6,1,0,0,0,0,0,0,0,"",1,1,0,0,0,0,1,1,0,1,0,0,0,1,1,0,"",100,NA,100,NA,NA,NA,97,NA,NA,NA,NA,NA,NA,NA,NA,39,59,NA,NA,NA,4,1,1,1,0,0,0,0,NA,2,3,1,4,TRUE,TRUE
"50",123,NA,"2023-06-24 23:22:48","Yes",1,1,1,"",2,1,1,"",1,"",21,"Information Technology",6,0,0,0,0,0,1,0,0,"",0,0,0,0,0,0,1,1,0,0,0,0,0,1,0,1,"baby blanket, panties, robe",99,NA,87,NA,NA,NA,NA,NA,NA,NA,NA,NA,NA,NA,73,NA,NA,NA,96,NA,5,0,0,0,1,0,0,0,NA,2,2,0,2,TRUE,FALSE
"51",124,NA,"2023-06-24 23:23:46","Yes",1,1,1,"",3,2,2,"",1,"",9,"",7,1,0,0,0,0,0,0,0,"",1,1,0,1,1,1,0,0,0,1,0,0,0,0,0,1,"hair brush",NA,NA,NA,NA,NA,NA,76,NA,NA,NA,NA,NA,NA,NA,NA,NA,NA,NA,33,NA,4,1,1,0,0,0,0,0,NA,2,4,4,5,TRUE,TRUE
"52",126,NA,"[not completed]","Yes",1,1,1,"",1,1,1,"",5,"",NA,"",NA,1,0,0,0,0,0,0,0,"",1,1,1,0,0,0,1,0,0,1,0,1,0,0,0,0,"",NA,NA,NA,NA,NA,NA,NA,NA,NA,NA,NA,NA,NA,NA,NA,NA,NA,NA,NA,NA,NA,0,0,0,0,0,0,0,NA,0,3,2,5,TRUE,TRUE
"53",128,NA,"2023-06-24 23:50:21","Yes",1,1,1,"",3,2,2,"",1,"",2,"",7,1,0,0,0,0,0,0,0,"",1,1,1,1,1,1,0,0,0,1,1,1,0,1,0,1,"kitchen spoon, hair tie",NA,NA,NA,NA,NA,NA,86,NA,91,NA,73,NA,NA,NA,75,NA,NA,NA,84,NA,1,0,1,0,0,0,0,0,NA,2,6,5,8,TRUE,TRUE
"54",130,NA,"2023-06-24 23:55:17","Yes",1,1,1,"",4,2,2,"",7,"",15,"",7,1,0,0,0,0,0,0,0,"",1,1,1,0,0,0,0,0,0,1,0,1,0,0,0,0,"",NA,NA,NA,NA,NA,NA,65,NA,NA,NA,88,NA,NA,NA,NA,NA,NA,NA,NA,NA,5,0,1,0,0,0,0,0,NA,2,2,2,4,TRUE,FALSE
"55",132,NA,"2023-06-25 00:14:49","Yes",1,1,1,"",1,2,2,"",5,"",2,"",5,0,1,0,1,1,0,0,0,"",0,0,0,0,0,0,0,1,0,0,0,1,0,1,0,1,"Tp wipes syringes water toothbrush waterpick tv remote ",NA,NA,82,NA,NA,NA,NA,NA,NA,NA,0,NA,NA,NA,100,NA,NA,NA,100,NA,2,0,0,0,1,0,0,0,NA,2,2,0,2,TRUE,FALSE
"56",135,NA,"2023-06-25 00:36:12","Yes",1,1,1,"",1,1,2,"",2,"",13,"",1,1,0,0,0,0,0,0,0,"",1,1,1,0,0,0,0,1,0,0,0,1,0,0,0,1,"plunger and razor handle ",NA,NA,94,NA,NA,NA,NA,NA,NA,NA,74,NA,NA,NA,NA,NA,NA,NA,NA,25,2,0,1,0,0,0,0,0,NA,2,2,2,4,TRUE,FALSE
"57",136,NA,"2023-06-25 01:09:13","Yes",1,1,1,"",2,1,1,"",1,"",2,"",7,1,0,0,0,0,0,0,0,"",1,1,1,1,0,0,1,1,0,1,0,0,0,0,0,0,"",23,NA,77,NA,NA,NA,82,NA,NA,NA,NA,NA,NA,NA,NA,NA,NA,NA,NA,NA,3,1,1,1,0,1,0,0,NA,2,4,3,6,TRUE,TRUE
"58",139,NA,"2023-06-25 01:29:58","Yes",1,1,1,"",2,2,2,"",5,"",3,"",5,1,0,0,0,0,0,0,0,"",1,0,0,0,0,1,0,0,0,0,0,0,0,0,0,1,"",NA,NA,NA,NA,NA,NA,NA,NA,NA,NA,NA,NA,NA,NA,NA,NA,NA,NA,72,NA,1,0,1,0,1,0,0,0,NA,2,1,1,1,TRUE,FALSE
"59",146,NA,"2023-06-25 03:09:56","Yes",1,1,1,"",1,2,2,"",5,"",8,"",2,0,1,0,0,0,0,0,0,"",0,0,0,0,0,0,0,0,0,0,0,0,1,0,0,1,"Spatula handle ",NA,NA,NA,NA,NA,NA,NA,NA,NA,NA,NA,NA,69,NA,NA,NA,NA,NA,68,NA,2,0,1,0,1,0,0,0,NA,2,1,0,1,TRUE,FALSE
"60",150,NA,"2023-06-25 04:09:57","Yes",1,1,1,"",1,1,2,"",2,"",13,"",5,1,0,0,0,0,0,0,0,"",1,1,1,1,0,0,1,0,0,1,0,1,0,0,0,1,"Utensils, pill bottles, miscellaneous hard objects",93,NA,NA,NA,NA,NA,90,NA,NA,NA,69,NA,NA,NA,NA,NA,NA,NA,69,NA,2,1,1,1,1,0,0,0,NA,2,4,3,6,TRUE,TRUE
"61",157,NA,"2023-06-25 05:57:51","Yes",1,1,1,"",1,2,2,"",5,"",NA,"",1,0,0,0,0,0,0,0,1,"No reason to have it, would be weird",0,0,0,0,0,0,0,0,0,0,0,0,0,1,1,0,"",NA,NA,NA,NA,NA,NA,NA,NA,NA,NA,NA,NA,NA,NA,NA,NA,NA,NA,NA,NA,1,0,1,0,0,0,0,0,NA,2,0,0,0,FALSE,FALSE
"62",158,NA,"2023-06-25 06:20:34","Yes",1,1,1,"",4,2,2,"",1,"",5,"",7,1,0,0,0,0,0,0,0,"",1,1,0,1,1,1,0,1,0,0,0,0,0,0,0,0,"",NA,NA,NA,NA,NA,NA,NA,NA,NA,NA,NA,NA,NA,NA,NA,NA,NA,NA,NA,NA,1,0,1,0,0,0,0,0,NA,2,4,4,5,TRUE,TRUE
"63",164,NA,"[not completed]","Yes",1,1,1,"",2,2,2,"",NA,"",NA,"",NA,1,0,0,0,0,0,0,0,"",1,1,1,1,0,1,0,0,0,0,0,0,0,0,1,0,"",NA,NA,NA,NA,NA,NA,NA,NA,NA,NA,NA,NA,NA,NA,NA,NA,NA,NA,NA,NA,NA,0,0,0,0,0,0,0,NA,0,2,4,4,TRUE,FALSE
"64",168,NA,"2023-06-25 08:27:57","Yes",1,1,1,"",1,1,1,"",5,"",1,"",4,1,0,0,0,0,0,0,0,"",1,1,1,1,0,0,1,1,1,1,0,0,1,0,1,0,"",100,NA,100,NA,50,NA,100,NA,NA,NA,NA,NA,100,NA,NA,NA,100,NA,NA,NA,3,0,0,0,0,0,1,0,NA,2,6,3,8,TRUE,TRUE
"65",169,NA,"2023-06-25 08:35:48","Yes",1,1,1,"",2,1,1,"",5,"",4,"",4,1,0,0,0,0,0,0,0,"",0,0,0,0,0,0,0,1,0,0,0,0,0,0,0,0,"",NA,NA,71,NA,NA,NA,NA,NA,NA,NA,NA,NA,NA,NA,NA,NA,NA,NA,NA,NA,3,0,0,0,0,0,1,0,NA,2,1,0,1,TRUE,FALSE
"66",170,NA,"2023-06-25 08:36:27","Yes",1,1,1,"",6,2,2,"",6,"",1,"",7,1,0,0,0,0,0,0,0,"",1,1,1,0,1,1,0,1,0,1,0,0,0,0,0,0,"",NA,NA,50,NA,NA,NA,98,NA,NA,NA,NA,NA,NA,NA,NA,NA,NA,NA,NA,NA,4,0,1,0,0,0,0,0,NA,2,4,4,6,TRUE,TRUE
"67",172,NA,"2023-06-25 08:48:18","Yes",1,1,1,"",2,1,1,"",1,"",1,"",6,1,0,0,0,0,0,0,0,"",1,1,1,0,0,0,0,1,0,1,0,0,0,0,1,1,"Hair brush",NA,NA,74,NA,NA,NA,50,NA,NA,NA,NA,NA,NA,NA,NA,NA,66,NA,67,NA,2,0,1,0,0,0,0,0,NA,2,2,2,4,TRUE,FALSE
"68",174,NA,"2023-06-25 09:03:09","Yes",1,1,1,"",2,1,1,"",1,"",7,"",6,1,0,0,0,0,0,0,0,"",1,1,1,0,0,0,0,0,0,1,0,1,0,0,0,1,"Hairbrush handle",NA,NA,NA,NA,NA,NA,100,NA,NA,NA,50,NA,NA,NA,NA,NA,NA,NA,69,NA,1,1,1,0,0,0,0,0,NA,2,2,2,4,TRUE,FALSE
"69",175,NA,"2023-06-25 09:24:55","Yes",1,1,1,"",2,2,2,"",5,"",1,"",6,1,0,0,0,0,0,0,0,"",1,1,1,1,0,0,0,0,0,1,0,0,0,0,0,0,"",NA,NA,NA,NA,NA,NA,91,NA,NA,NA,NA,NA,NA,NA,NA,NA,NA,NA,NA,NA,4,0,0,0,0,0,1,0,NA,2,2,3,4,TRUE,FALSE
"70",177,NA,"2023-06-25 09:37:49","Yes",1,1,1,"",2,1,1,"",1,"",11,"",6,1,0,0,0,0,0,0,0,"",1,1,1,0,0,0,0,0,0,1,0,0,0,1,0,0,"",NA,NA,NA,NA,NA,NA,96,NA,NA,NA,NA,NA,NA,NA,76,NA,NA,NA,NA,NA,4,1,1,1,0,0,0,0,NA,2,1,2,3,TRUE,FALSE
"71",185,NA,"2023-06-25 12:58:55","Yes",1,1,1,"",4,1,1,"",1,"",2,"",7,1,0,0,0,0,0,0,0,"",1,1,1,1,0,1,0,1,0,0,0,0,0,0,0,0,"",NA,NA,100,NA,NA,NA,NA,NA,NA,NA,NA,NA,NA,NA,NA,NA,NA,NA,NA,NA,4,0,0,0,0,0,1,0,NA,2,3,4,5,TRUE,TRUE
"72",188,NA,"2023-06-25 13:57:28","Yes",1,1,1,"",3,2,2,"",1,"",20,"",7,1,0,0,0,0,0,0,0,"",1,0,0,1,1,1,0,1,0,1,0,0,0,0,0,0,"",NA,NA,72,NA,NA,NA,90,NA,NA,NA,NA,NA,NA,NA,NA,NA,NA,NA,NA,NA,4,1,1,1,1,0,0,0,NA,2,5,3,5,TRUE,TRUE
"73",189,NA,"[not completed]","Yes",1,1,1,"",1,1,1,"",3,"",7,"",7,1,0,0,0,0,0,0,0,"",1,1,1,0,0,0,1,1,1,1,0,1,1,1,1,0,"",NA,NA,NA,NA,NA,NA,NA,NA,NA,NA,NA,NA,NA,NA,NA,NA,NA,NA,NA,NA,NA,0,0,0,0,0,0,0,NA,0,6,2,8,TRUE,TRUE
"74",193,NA,"[not completed]","Yes",1,1,1,"",1,1,1,"",2,"",6,"",4,1,0,0,0,0,0,0,0,"",1,1,1,1,0,0,1,1,0,0,0,1,1,0,1,0,"",NA,NA,NA,NA,NA,NA,NA,NA,NA,NA,NA,NA,NA,NA,NA,NA,NA,NA,NA,NA,NA,0,0,0,0,0,0,0,NA,0,5,3,7,TRUE,TRUE
"75",196,NA,"[not completed]","Yes",1,1,1,"",2,1,1,"",1,"",4,"",7,1,0,0,0,0,0,0,0,"",1,1,0,0,0,0,1,0,0,0,1,0,1,0,0,0,"",NA,NA,NA,NA,NA,NA,NA,NA,NA,NA,NA,NA,NA,NA,NA,NA,NA,NA,NA,NA,NA,0,0,0,0,0,0,0,NA,0,3,1,4,TRUE,TRUE
"76",199,NA,"2023-06-25 15:55:34","Yes",1,1,1,"",1,1,1,"",7,"",13,"",4,1,0,0,0,0,0,0,0,"",1,1,1,0,0,0,1,0,0,0,0,0,0,0,0,0,"",50,NA,NA,NA,NA,NA,NA,NA,NA,NA,NA,NA,NA,NA,NA,NA,NA,NA,NA,NA,4,1,1,1,0,0,0,0,NA,2,1,2,3,TRUE,FALSE
"77",201,NA,"[not completed]","Yes",1,1,1,"",3,2,2,"",3,"",3,"",6,1,0,0,0,0,0,0,0,"",1,0,0,0,1,0,0,0,0,0,0,0,0,0,0,1,"Sandwich bags and petrolium jelly",NA,NA,NA,NA,NA,NA,NA,NA,NA,NA,NA,NA,NA,NA,1,NA,NA,NA,NA,NA,NA,0,0,0,0,0,0,0,NA,0,1,1,1,TRUE,FALSE
"78",207,NA,"2023-06-25 20:54:11","Yes",1,1,1,"",2,1,3,"",1,"",8,"",7,1,0,0,0,0,0,0,0,"",1,1,1,1,0,1,1,1,0,1,1,1,0,0,0,0,"",79,NA,100,NA,NA,NA,100,NA,100,NA,69,NA,NA,NA,NA,NA,NA,NA,NA,NA,5,1,1,0,0,0,0,0,NA,2,7,4,9,TRUE,TRUE
"79",208,NA,"2023-06-25 21:14:53","Yes",1,1,1,"",2,2,2,"",1,"",3,"",7,1,0,0,0,0,0,0,0,"",0,0,0,0,0,0,0,0,0,0,0,0,0,0,1,1,"Cigar tube",NA,NA,NA,NA,NA,NA,NA,NA,NA,NA,NA,NA,NA,NA,NA,NA,50,NA,59,NA,1,0,0,0,0,0,1,0,NA,2,0,0,0,FALSE,FALSE
"80",209,NA,"2023-06-25 22:33:22","Yes",1,1,1,"",2,1,1,"",1,"",13,"",5,1,0,0,0,0,0,0,0,"",1,1,1,1,1,1,1,1,0,1,0,1,1,1,1,0,"",60,NA,100,NA,NA,NA,38,NA,NA,NA,28,NA,72,NA,78,NA,92,NA,NA,NA,4,0,1,0,0,0,0,0,NA,2,8,5,10,TRUE,TRUE
"81",210,NA,"2023-06-25 23:12:58","Yes",1,1,1,"",2,1,1,"",1,"",1,"",4,1,0,0,0,0,0,0,0,"",1,1,0,0,0,0,0,1,0,0,0,0,0,0,0,1,"Hair brush",NA,NA,78,NA,NA,NA,NA,NA,NA,NA,NA,NA,NA,NA,NA,NA,NA,NA,70,NA,2,0,1,0,0,0,0,0,NA,2,1,1,2,TRUE,FALSE
"82",215,NA,"2023-06-26 01:52:30","Yes",1,1,1,"",1,1,1,"",3,"",5,"",4,1,0,0,0,0,0,0,0,"",1,1,1,0,0,0,1,1,0,1,0,0,0,1,1,0,"",93,NA,NA,NA,NA,NA,NA,NA,NA,NA,NA,NA,NA,NA,NA,NA,NA,NA,NA,NA,4,1,1,0,0,0,0,0,NA,2,3,2,5,TRUE,TRUE
"83",217,NA,"2023-06-26 02:01:52","Yes",1,1,1,"",2,1,1,"",1,"",2,"",7,1,0,0,0,0,0,0,0,"",1,1,1,1,0,0,0,1,0,0,0,1,0,0,0,1,"Marker (the non-cap end) but that was before I had access to regular sex toys",NA,NA,100,NA,NA,NA,NA,NA,NA,NA,50,NA,NA,NA,NA,NA,NA,NA,50,NA,NA,0,0,0,0,0,1,0,NA,2,3,3,5,TRUE,TRUE
"84",218,NA,"2023-06-26 02:20:31","Yes",1,1,1,"",1,2,7,"physically intersex (no option above)",5,"",8,"",3,0,0,0,0,1,1,0,0,"",0,0,0,0,0,0,0,1,0,0,0,0,1,0,0,0,"",NA,NA,41,NA,NA,NA,NA,NA,NA,NA,NA,NA,67,NA,NA,NA,NA,NA,NA,NA,1,0,0,0,1,0,0,0,NA,2,2,0,2,TRUE,FALSE
"85",222,NA,"2023-06-26 09:26:10","Yes",1,1,1,"",1,2,2,"",1,"",20,"",7,1,0,0,0,0,0,0,0,"",1,0,1,0,1,0,0,0,0,0,0,0,0,0,1,0,"",NA,NA,NA,NA,NA,NA,NA,NA,NA,NA,NA,NA,NA,NA,NA,NA,NA,NA,NA,NA,4,0,0,1,0,0,0,0,NA,2,1,2,2,TRUE,FALSE
"86",224,NA,"2023-06-26 16:11:13","Yes",1,1,1,"",3,1,1,"",7,"",2,"",7,1,0,0,0,0,0,0,0,"",1,1,0,0,0,0,0,1,1,0,0,0,0,0,0,0,"",NA,NA,28,NA,70,NA,NA,NA,NA,NA,NA,NA,NA,NA,NA,NA,NA,NA,NA,NA,4,1,1,0,0,1,0,0,NA,2,2,1,3,TRUE,FALSE
"87",229,NA,"2023-06-27 15:09:53","Yes",1,1,1,"",1,1,3,"",2,"",NA,"",NA,1,0,0,0,0,0,0,0,"",1,1,1,0,0,0,1,1,0,0,0,1,0,1,1,0,"",100,NA,66,NA,NA,NA,NA,NA,NA,NA,29,NA,NA,NA,0,NA,55,NA,NA,NA,4,1,1,1,1,1,0,0,NA,2,3,2,5,TRUE,TRUE
"88",231,NA,"2023-06-28 19:41:27","Yes",1,1,1,"",2,1,1,"",1,"",9,"",7,1,0,0,0,0,0,0,0,"",1,1,1,1,0,0,1,1,0,1,0,0,1,1,1,1,"phone on vibrate mode",56,NA,71,NA,NA,NA,88,NA,NA,NA,NA,NA,61,NA,91,NA,64,NA,61,NA,4,0,1,1,0,0,0,0,NA,2,5,3,7,TRUE,TRUE
"89",232,NA,"2023-06-28 00:26:39","Yes",1,1,1,"",1,1,1,"",5,"",NA,"",2,1,0,0,0,0,0,0,0,"",1,1,1,0,0,0,1,1,0,0,0,0,1,1,0,1,"hairbrush",82,NA,60,NA,NA,NA,NA,NA,NA,NA,NA,NA,73,NA,58,NA,NA,NA,62,NA,4,0,1,0,0,0,0,0,NA,2,3,2,5,TRUE,TRUE
"90",234,NA,"2023-06-28 10:57:24","Yes",1,1,1,"",2,1,1,"",1,"",1,"",6,1,0,0,0,0,0,0,0,"",1,0,1,0,0,0,0,0,0,0,0,0,0,0,0,1,"Hairbrush handle",NA,NA,NA,NA,NA,NA,NA,NA,NA,NA,NA,NA,NA,NA,NA,NA,NA,NA,69,NA,2,0,1,1,0,0,0,0,NA,2,0,1,1,FALSE,FALSE
"91",235,NA,"2023-06-28 18:34:44","Yes",1,1,1,"",2,1,1,"",1,"",7,"",6,1,0,0,0,0,0,0,0,"",1,1,1,1,0,0,1,1,0,1,1,0,0,1,1,1,"Sharpie, small shampoo bottle, hairbrush handle, vacuum handle...",NA,3,77,NA,NA,NA,75,NA,78,NA,NA,NA,NA,NA,NA,47,50,NA,NA,0,1,1,1,1,0,0,0,0,NA,2,5,3,7,TRUE,TRUE
"92",240,NA,"2023-06-30 02:28:11","Yes",1,1,1,"",1,2,2,"",1,"",7,"",7,0,0,0,0,1,0,0,0,"",0,0,0,0,0,0,0,0,0,0,0,0,0,0,0,1,"pen",NA,NA,NA,NA,NA,NA,NA,NA,NA,NA,NA,NA,NA,NA,NA,NA,NA,NA,61,NA,2,0,0,0,0,0,1,0,NA,2,0,0,0,FALSE,FALSE
"93",241,NA,"2023-06-30 08:16:06","Yes",1,1,1,"",4,2,2,"",1,"",3,"",7,1,0,0,0,0,0,0,0,"",1,1,1,1,1,1,1,0,0,1,0,0,0,1,0,0,"",50,NA,NA,NA,NA,NA,98,NA,NA,NA,NA,NA,NA,NA,50,NA,NA,NA,NA,NA,4,0,0,0,0,0,0,1,NA,2,5,5,7,TRUE,TRUE
"94",245,NA,"2023-07-02 02:25:44","Yes",1,1,1,"",2,2,2,"",1,"",4,"",7,1,0,0,0,0,0,0,0,"",1,0,1,1,0,1,1,1,0,0,0,0,0,0,0,0,"",65,NA,70,NA,NA,NA,NA,NA,NA,NA,NA,NA,NA,NA,NA,NA,NA,NA,NA,NA,2,1,1,1,0,0,0,0,NA,2,4,3,5,TRUE,TRUE
"95",248,NA,"[not completed]","Yes",1,1,1,"",5,2,2,"",1,"",9,"",7,0,0,0,0,0,1,0,0,"",0,0,0,0,0,0,1,0,0,1,0,0,0,0,0,0,"",NA,NA,NA,NA,NA,NA,NA,NA,NA,NA,NA,NA,NA,NA,NA,NA,NA,NA,NA,NA,NA,0,0,0,0,0,0,0,NA,0,2,0,2,TRUE,FALSE
"96",249,NA,"2023-07-05 02:05:06","Yes",1,1,1,"",1,2,7,"transgender and nonbinary ",1,"",7,"",5,1,0,0,0,0,0,0,0,"",1,1,0,1,1,0,0,0,0,0,0,0,1,0,1,1,"markers",NA,NA,NA,NA,NA,NA,NA,NA,NA,NA,NA,NA,18,NA,NA,NA,90,NA,28,NA,2,0,0,0,0,0,1,0,NA,2,3,3,4,TRUE,TRUE
"97",251,NA,"2023-07-06 17:39:53","Yes",1,1,1,"",2,1,1,"",7,"",21,"Photographer",5,1,0,0,0,0,0,0,0,"",1,1,1,0,0,0,0,0,0,1,0,0,0,0,0,0,"",NA,NA,NA,NA,NA,NA,NA,0,NA,NA,NA,NA,NA,NA,NA,NA,NA,NA,NA,NA,4,1,1,0,0,0,0,0,NA,2,1,2,3,TRUE,FALSE
"98",254,NA,"2023-07-07 00:05:11","Yes",1,1,1,"",2,1,1,"",1,"",11,"",4,0,0,0,0,1,0,0,0,"",0,0,0,0,0,0,1,1,0,0,0,0,0,0,1,0,"",100,NA,72,NA,NA,NA,NA,NA,NA,NA,NA,NA,NA,NA,NA,NA,72,NA,NA,NA,4,0,1,0,0,0,0,0,NA,2,2,0,2,TRUE,FALSE
"99",259,NA,"2023-07-07 23:37:09","Yes",1,1,1,"",2,1,1,"",1,"",13,"",5,1,0,0,0,0,0,0,0,"",1,1,1,0,1,1,0,1,0,1,0,0,0,0,1,0,"",NA,NA,75,NA,NA,NA,82,NA,NA,NA,NA,NA,NA,NA,NA,NA,61,NA,NA,NA,4,0,0,0,0,0,1,0,NA,2,4,4,6,TRUE,TRUE
"100",260,NA,"2023-07-08 09:13:22","Yes",1,1,1,"",2,2,2,"",1,"",2,"",7,1,0,0,0,0,0,0,0,"",1,1,1,0,0,0,0,0,0,1,0,0,0,0,0,0,"",NA,NA,NA,NA,NA,NA,93,NA,NA,NA,NA,NA,NA,NA,NA,NA,NA,NA,NA,NA,6,0,0,0,1,0,0,0,NA,2,1,2,3,TRUE,FALSE
"101",262,NA,"2023-07-08 18:50:22","Yes",1,1,1,"",3,1,1,"",1,"",16,"",7,1,0,0,0,0,0,0,0,"",1,1,0,0,1,1,0,1,0,1,1,1,0,1,1,0,"",NA,NA,84,NA,NA,NA,73,NA,50,NA,50,NA,NA,NA,43,NA,47,NA,NA,NA,4,0,0,0,0,0,1,0,NA,2,6,3,7,TRUE,TRUE
"102",263,NA,"2023-07-08 19:14:18","Yes",1,1,1,"",3,1,1,"",1,"",6,"",6,1,0,0,0,0,0,0,0,"",1,1,0,0,0,0,0,0,0,0,0,0,0,0,0,1,"Candle",NA,NA,NA,NA,NA,NA,NA,NA,NA,NA,NA,NA,NA,NA,NA,NA,NA,NA,7,NA,2,0,0,0,0,0,1,1,NA,2,0,1,1,FALSE,FALSE
"103",265,NA,"[not completed]","Yes",1,1,1,"",3,1,1,"",7,"",NA,"",6,1,0,0,0,0,0,0,0,"",1,0,1,0,0,0,0,1,0,0,0,1,0,0,0,0,"",NA,NA,NA,NA,NA,NA,NA,NA,NA,NA,NA,NA,NA,NA,NA,NA,NA,NA,NA,NA,NA,0,0,0,0,0,0,0,NA,0,2,1,3,TRUE,FALSE
"104",267,NA,"2023-07-09 03:46:38","Yes",1,1,1,"",2,1,3,"",4,"",21,"N/A",4,1,0,0,0,0,0,0,0,"",0,0,0,0,0,0,1,1,0,1,0,0,0,0,0,1,"Hairbrush handle",56,NA,74,NA,NA,NA,100,NA,NA,NA,NA,NA,NA,NA,NA,NA,NA,NA,53,NA,4,1,1,1,0,0,0,0,NA,2,3,0,3,TRUE,TRUE
"105",268,NA,"2023-07-09 04:21:56","Yes",1,1,1,"",1,2,2,"",5,"",3,"",NA,1,0,0,0,0,0,0,0,"",1,0,0,0,1,0,0,0,0,0,0,0,1,0,1,0,"",NA,NA,NA,NA,NA,NA,NA,NA,NA,NA,NA,NA,64,NA,NA,NA,NA,98,NA,NA,1,0,0,0,0,0,1,0,NA,2,2,1,2,TRUE,FALSE
"106",271,NA,"[not completed]","Yes",1,1,1,"",4,2,2,"",1,"",1,"",7,1,0,0,0,0,0,0,0,"",1,1,0,1,1,1,0,0,0,1,0,0,0,0,0,0,"",NA,NA,NA,NA,NA,NA,NA,NA,NA,NA,NA,NA,NA,NA,NA,NA,NA,NA,NA,NA,NA,0,0,0,0,0,0,0,NA,0,4,4,5,TRUE,TRUE
"107",272,NA,"2023-07-09 20:21:46","Yes",1,1,1,"",3,1,1,"",1,"",2,"",6,1,0,0,0,0,0,0,0,"",1,1,1,0,0,0,0,0,0,0,0,0,0,0,0,1,"None",NA,NA,NA,NA,NA,NA,NA,NA,NA,NA,NA,NA,NA,NA,NA,NA,NA,NA,6,NA,4,0,0,0,0,0,1,0,NA,2,0,2,2,FALSE,FALSE
"108",273,NA,"2023-07-09 23:50:33","Yes",1,1,1,"",3,1,1,"",6,"",1,"",7,1,0,0,0,0,0,0,0,"",1,1,0,0,0,0,1,1,0,1,1,1,0,0,1,0,"",77,NA,100,NA,NA,NA,50,NA,99,NA,50,NA,NA,NA,NA,NA,75,NA,NA,NA,4,1,1,0,0,0,0,0,NA,2,5,1,6,TRUE,TRUE
"109",275,NA,"2023-07-10 05:44:21","Yes",1,1,1,"",2,1,1,"",4,"",21,"",5,1,0,0,0,0,0,0,0,"",1,1,1,1,0,1,0,1,0,0,0,0,0,0,0,1,"",NA,NA,NA,NA,NA,NA,NA,NA,NA,NA,NA,NA,NA,NA,NA,NA,NA,NA,NA,NA,5,0,0,0,0,0,1,0,NA,2,3,4,5,TRUE,TRUE
"110",279,NA,"2023-07-10 21:33:04","Yes",1,1,1,"",2,1,1,"",2,"",11,"",1,1,0,0,0,0,0,0,0,"",1,1,1,0,0,1,0,1,0,1,0,1,1,1,1,0,"",NA,NA,70,NA,NA,NA,100,NA,NA,NA,71,NA,50,NA,57,NA,100,NA,NA,NA,1,1,0,0,0,0,0,0,NA,2,5,3,7,TRUE,TRUE
"111",280,NA,"[not completed]","Yes",1,1,1,"",4,1,1,"",NA,"",NA,"",NA,NA,0,0,0,0,0,0,0,"",NA,0,0,0,0,0,0,0,0,0,0,0,0,0,0,0,"",NA,NA,NA,NA,NA,NA,NA,NA,NA,NA,NA,NA,NA,NA,NA,NA,NA,NA,NA,NA,NA,0,0,0,0,0,0,0,NA,0,0,0,0,FALSE,FALSE
"112",281,NA,"2023-07-11 16:25:06","Yes",1,1,1,"",3,1,1,"",8,"disabled, can't work",21,"none",1,1,0,0,0,0,0,0,0,"",1,1,0,0,0,0,0,1,0,0,0,0,0,0,1,1,"homemade vibrator, husband built it",NA,NA,71,NA,NA,NA,NA,NA,NA,NA,NA,NA,NA,NA,NA,NA,75,NA,95,NA,4,0,0,0,0,0,1,0,NA,2,1,1,2,TRUE,FALSE
"113",284,NA,"2023-07-11 22:42:41","Yes",1,1,1,"",2,1,1,"",1,"",11,"",7,0,0,0,1,0,1,0,0,"",0,0,0,0,0,0,0,0,0,0,0,0,0,1,1,0,"",NA,NA,NA,NA,NA,NA,NA,NA,NA,NA,NA,NA,NA,NA,71,NA,98,NA,NA,NA,4,0,0,0,0,0,1,0,NA,2,0,0,0,FALSE,FALSE
"114",286,NA,"2023-07-13 08:33:29","Yes",1,1,1,"",1,2,2,"",5,"",21,"N/A",6,0,0,0,0,1,0,0,0,"",0,0,0,0,0,0,0,0,0,0,0,0,1,0,0,0,"",NA,NA,NA,NA,NA,NA,NA,NA,NA,NA,NA,NA,0,NA,NA,NA,NA,NA,NA,NA,1,0,1,0,0,0,0,1,NA,2,1,0,1,TRUE,FALSE
"115",288,NA,"[not completed]","Yes",1,1,1,"",1,1,1,"",5,"",8,"",NA,1,0,0,0,0,0,0,0,"",1,1,1,1,0,0,0,0,0,0,0,0,1,1,1,0,"",NA,NA,NA,NA,NA,NA,NA,NA,NA,NA,NA,NA,NA,NA,NA,NA,NA,NA,NA,NA,NA,0,0,0,0,0,0,0,NA,0,2,3,4,TRUE,FALSE
"116",289,NA,"2023-07-13 23:32:13","Yes",1,1,1,"",3,1,1,"",7,"",NA,"",5,1,0,0,0,0,0,0,0,"",1,1,1,1,0,0,0,1,0,1,0,1,0,0,1,1,"clothes pins",NA,NA,66,NA,NA,NA,91,NA,NA,NA,51,NA,NA,NA,NA,NA,58,NA,100,NA,4,0,0,0,0,0,1,0,NA,2,4,3,6,TRUE,TRUE
"117",290,NA,"2023-07-14 08:37:26","Yes",1,1,1,"",2,1,1,"",7,"",21,"Stay at home mom ",1,1,0,0,0,0,0,0,0,"",1,1,1,1,0,0,1,1,0,0,0,0,0,0,0,0,"",0,NA,73,NA,NA,NA,NA,NA,NA,NA,NA,NA,NA,NA,NA,NA,NA,NA,NA,NA,4,0,0,0,0,0,1,0,NA,2,3,3,5,TRUE,TRUE
"118",294,NA,"2023-07-16 15:49:54","Yes",1,1,1,"",3,1,1,"",8,"both FTE and a grad student",4,"",7,1,0,0,0,0,0,0,0,"",1,1,1,0,0,1,0,1,0,0,0,0,0,0,0,0,"",NA,NA,66,NA,NA,NA,NA,NA,NA,NA,NA,NA,NA,NA,NA,NA,NA,NA,NA,NA,5,1,1,1,1,0,0,0,NA,2,2,3,4,TRUE,FALSE
"119",297,NA,"2023-07-16 21:15:07","Yes",1,1,1,"",2,1,1,"",1,"",3,"",7,1,0,0,0,0,0,0,0,"",1,1,1,1,0,0,0,1,0,1,0,0,0,1,1,1,"Tub faucet, phone, pretty much anything hard that if I'm sitting and it ends up between my legs and I rub against if feels good",NA,NA,100,NA,NA,NA,50,NA,NA,NA,NA,NA,NA,NA,71,NA,71,NA,83,NA,5,0,0,0,0,0,1,0,NA,2,3,3,5,TRUE,TRUE
"120",298,NA,"2023-07-17 02:04:36","Yes",1,1,1,"",2,1,1,"",5,"",10,"",7,1,0,0,0,0,0,0,0,"",1,1,1,1,1,0,0,1,0,1,0,1,0,0,0,0,"",NA,NA,71,NA,NA,NA,92,NA,NA,NA,10,NA,NA,NA,NA,NA,NA,NA,NA,NA,2,0,0,0,0,0,1,0,NA,2,5,4,7,TRUE,TRUE
"121",301,NA,"[not completed]","Yes",1,1,1,"",5,2,2,"",1,"",7,"",6,1,0,0,0,0,0,0,0,"",1,1,1,0,1,0,0,1,0,1,1,1,0,0,0,0,"",NA,NA,NA,NA,NA,NA,NA,NA,NA,NA,NA,NA,NA,NA,NA,NA,NA,NA,NA,NA,NA,0,0,0,0,0,0,0,NA,0,5,3,7,TRUE,TRUE
"122",304,NA,"2023-07-18 15:43:37","Yes",1,1,1,"",2,1,1,"",1,"",17,"",7,1,0,0,0,0,0,0,0,"",1,1,1,0,0,0,1,1,0,0,0,1,0,0,1,0,"",66,NA,88,NA,NA,NA,NA,NA,NA,NA,34,NA,NA,NA,NA,NA,85,NA,NA,NA,3,0,1,0,0,0,0,0,NA,2,3,2,5,TRUE,TRUE
"123",305,NA,"2023-07-18 16:36:03","Yes",1,1,1,"",1,1,1,"",5,"",8,"",3,1,0,0,0,0,0,0,0,"",1,1,1,1,0,0,0,1,0,1,0,0,0,0,1,1,"Wine bottle, shampoo and conditioner bottles, shaving cream cans, hairbrushes, markers",NA,NA,64,NA,NA,NA,10,NA,NA,NA,NA,NA,NA,NA,NA,NA,39,NA,61,NA,1,0,1,1,1,0,0,0,NA,2,3,3,5,TRUE,TRUE
"124",306,NA,"2023-07-18 21:46:34","Yes",1,1,1,"",3,2,2,"",1,"",1,"",7,1,0,0,0,0,0,0,0,"",1,1,0,0,0,0,0,0,0,0,0,0,0,0,0,1,"N/A",NA,NA,NA,NA,NA,NA,NA,NA,NA,NA,NA,NA,NA,NA,NA,NA,NA,NA,NA,NA,5,1,1,0,0,0,0,0,NA,2,0,1,1,FALSE,FALSE
"125",309,NA,"2023-07-19 13:09:42","Yes",1,1,1,"",5,2,2,"",1,"",7,"",6,1,0,0,0,0,0,0,0,"",1,1,1,1,1,1,1,1,0,1,1,1,1,1,0,0,"",50,NA,50,NA,NA,NA,50,NA,76,NA,76,NA,40,NA,60,NA,NA,NA,NA,NA,4,0,0,0,0,0,1,0,NA,2,9,5,11,TRUE,TRUE
"126",312,NA,"2023-07-20 16:34:34","Yes",1,1,1,"",2,1,1,"",7,"",NA,"",5,1,0,0,0,0,0,0,0,"",1,1,1,0,1,1,1,1,0,1,0,0,0,0,0,0,"",100,NA,72,NA,NA,NA,84,NA,NA,NA,NA,NA,NA,NA,NA,NA,NA,NA,NA,NA,4,0,0,0,0,0,1,0,NA,2,5,4,7,TRUE,TRUE
"127",315,NA,"2023-07-20 20:39:17","Yes",1,1,1,"",3,1,1,"",3,"",21,"HR ",7,1,0,0,0,0,0,0,0,"",1,1,0,1,0,0,1,0,1,1,0,0,0,0,1,0,"",65,NA,NA,NA,66,NA,100,NA,NA,NA,NA,NA,NA,NA,NA,NA,67,NA,NA,NA,5,0,1,0,0,0,0,0,NA,2,4,2,5,TRUE,TRUE
"128",316,NA,"2023-07-20 23:26:32","Yes",1,1,1,"",2,1,1,"",1,"",4,"",6,0,0,1,0,1,1,0,0,"",0,0,0,0,0,0,0,1,0,0,0,0,0,0,0,0,"",NA,NA,75,NA,NA,NA,NA,NA,NA,NA,NA,NA,NA,NA,NA,NA,NA,NA,NA,NA,4,0,0,0,0,0,1,0,NA,2,1,0,1,TRUE,FALSE
"129",321,NA,"2023-07-22 07:41:14","Yes",1,1,1,"",2,1,1,"",1,"",1,"",6,1,0,0,0,0,0,0,0,"",1,1,1,1,0,1,0,1,0,0,0,0,0,0,0,0,"",NA,NA,35,NA,NA,NA,NA,NA,NA,NA,NA,NA,NA,NA,NA,NA,NA,NA,NA,NA,1,0,1,0,0,0,0,0,NA,2,3,4,5,TRUE,TRUE
"130",322,NA,"2023-07-22 20:58:27","Yes",1,1,1,"",2,1,1,"",1,"",2,"",7,0,0,0,0,0,0,0,1,"No longer needed",0,0,0,0,0,0,0,0,0,0,0,0,0,0,0,1,"None ",NA,NA,NA,NA,NA,NA,NA,NA,NA,NA,NA,NA,NA,NA,NA,NA,NA,NA,NA,NA,NA,0,0,0,0,0,1,0,NA,2,0,0,0,FALSE,FALSE
"131",324,NA,"[not completed]","Yes",1,1,1,"",3,2,2,"",NA,"",NA,"",NA,NA,0,0,0,0,0,0,0,"",NA,0,0,0,0,0,0,0,0,0,0,0,0,0,0,0,"",NA,NA,NA,NA,NA,NA,NA,NA,NA,NA,NA,NA,NA,NA,NA,NA,NA,NA,NA,NA,NA,0,0,0,0,0,0,0,NA,0,0,0,0,FALSE,FALSE
"132",327,NA,"2023-07-24 18:12:06","Yes",1,1,1,"",3,1,1,"",3,"",1,"",7,1,0,0,0,0,0,0,0,"",1,1,1,1,0,0,0,1,0,0,0,0,0,0,0,0,"",NA,NA,92,NA,NA,NA,NA,NA,NA,NA,NA,NA,NA,NA,NA,NA,NA,NA,NA,NA,4,0,0,0,0,0,1,0,NA,2,2,3,4,TRUE,FALSE
"133",329,NA,"2023-07-24 23:15:03","Yes",1,1,1,"",2,1,3,"",1,"",2,"",5,1,0,0,0,0,0,0,0,"",1,1,1,1,1,1,1,1,0,1,0,0,0,1,1,0,"",0,NA,NA,0,NA,NA,100,NA,NA,NA,NA,NA,NA,NA,NA,5,100,NA,NA,NA,3,0,0,0,0,0,1,0,NA,2,6,5,8,TRUE,TRUE
"134",331,NA,"2023-07-25 11:39:18","Yes",1,1,1,"",5,2,2,"",1,"",4,"",7,1,0,0,0,0,0,0,0,"",1,1,0,0,0,1,0,0,0,1,0,1,0,0,0,0,"",NA,NA,NA,NA,NA,NA,95,NA,NA,NA,95,NA,NA,NA,NA,NA,NA,NA,NA,NA,4,0,1,0,0,1,0,0,NA,2,3,2,4,TRUE,TRUE
"135",333,NA,"2023-07-25 15:40:58","Yes",1,1,1,"",2,1,1,"",7,"",1,"",5,1,0,0,0,0,0,0,0,"",1,1,0,0,0,0,0,1,0,1,0,0,0,0,0,0,"",NA,NA,92,NA,NA,NA,83,NA,NA,NA,NA,NA,NA,NA,NA,NA,NA,NA,NA,NA,2,0,0,0,0,0,1,0,NA,2,2,1,3,TRUE,FALSE
"136",334,NA,"2023-07-25 17:30:02","Yes",1,1,1,"",2,1,1,"",1,"",2,"",3,0,0,1,1,0,0,0,0,"",0,0,0,0,0,0,0,0,0,0,0,0,0,0,1,1,"Hair brush handle ",NA,NA,NA,NA,NA,NA,NA,NA,NA,NA,NA,NA,NA,NA,NA,NA,50,NA,72,NA,2,0,1,1,0,0,0,0,NA,2,0,0,0,FALSE,FALSE
"137",336,NA,"2023-07-25 23:38:18","Yes",1,1,1,"",2,2,2,"",1,"",7,"",7,0,0,0,0,0,1,0,0,"",0,0,0,0,0,0,0,0,0,0,0,0,0,0,0,1,"Shaver handle",NA,NA,NA,NA,NA,NA,NA,NA,NA,NA,NA,NA,NA,NA,NA,NA,NA,NA,NA,0,2,1,1,1,1,0,0,0,NA,2,0,0,0,FALSE,FALSE
"138",337,NA,"2023-07-26 10:57:51","Yes",1,1,1,"",2,1,1,"",3,"",12,"",6,1,0,0,0,0,0,0,0,"",1,1,1,1,0,0,0,0,0,0,0,1,0,0,0,1,"comb",NA,NA,NA,NA,NA,NA,NA,NA,NA,NA,36,NA,NA,NA,NA,NA,NA,NA,62,NA,1,0,0,0,0,0,1,0,NA,2,2,3,4,TRUE,FALSE
"139",339,NA,"2023-07-27 10:31:41","Yes",1,1,1,"",2,1,1,"",1,"",9,"",7,1,0,0,0,0,0,0,0,"",1,1,1,1,0,0,1,1,0,1,1,0,1,0,0,0,"",100,NA,100,NA,NA,NA,100,NA,68,NA,NA,NA,100,NA,NA,NA,NA,NA,NA,NA,4,0,1,0,1,0,0,0,NA,2,6,3,8,TRUE,TRUE
"140",340,NA,"2023-07-27 15:05:02","Yes",1,1,1,"",6,1,1,"",6,"",18,"",7,1,0,0,0,0,0,0,0,"",1,1,1,0,0,0,1,0,0,0,1,0,1,0,1,1,"Hammer ",76,NA,NA,NA,NA,NA,NA,NA,99,NA,NA,NA,77,NA,NA,NA,50,NA,95,NA,4,0,0,1,0,0,0,0,NA,2,3,2,5,TRUE,TRUE
"141",341,NA,"2023-07-27 15:21:29","Yes",1,1,1,"",2,1,1,"",1,"",7,"",4,1,0,0,0,0,0,0,0,"",1,1,1,0,0,0,0,1,0,1,0,0,0,0,0,0,"",NA,NA,NA,NA,NA,NA,95,NA,NA,NA,NA,NA,NA,NA,NA,NA,NA,NA,NA,NA,4,0,0,0,1,0,0,0,NA,2,2,2,4,TRUE,FALSE
"142",343,NA,"2023-07-27 20:10:16","Yes",1,1,1,"",2,1,1,"",1,"",1,"",7,1,0,0,0,0,0,0,0,"",1,1,0,0,0,0,0,0,0,1,0,0,0,0,0,0,"",NA,NA,NA,NA,NA,NA,81,NA,NA,NA,NA,NA,NA,NA,NA,NA,NA,NA,NA,NA,5,0,0,0,1,0,0,0,NA,2,1,1,2,TRUE,FALSE
"143",344,NA,"[not completed]","Yes",1,1,1,"",1,2,2,"",3,"",14,"",4,1,0,0,0,0,0,0,0,"",1,0,0,0,1,0,0,0,0,0,0,0,0,0,1,0,"",NA,NA,NA,NA,NA,NA,NA,NA,NA,NA,NA,NA,NA,NA,NA,NA,NA,NA,NA,NA,NA,0,0,0,0,0,0,0,NA,0,1,1,1,TRUE,FALSE
"144",348,NA,"2023-07-28 18:33:30","Yes",1,1,1,"",3,1,1,"",1,"",2,"",7,1,0,0,0,0,0,0,0,"",1,1,1,1,0,1,1,1,0,0,0,0,0,0,1,0,"",71,NA,74,NA,NA,NA,NA,NA,NA,NA,NA,NA,NA,NA,NA,NA,59,NA,NA,NA,4,0,0,0,0,0,1,0,NA,2,4,4,6,TRUE,TRUE
"145",350,NA,"2023-07-29 08:04:41","Yes",1,1,1,"",4,2,2,"",1,"",1,"",7,1,0,0,0,0,0,0,0,"",1,0,0,0,0,1,0,0,0,0,0,0,0,0,0,1,"Electric string trimmer (weedwacker)",NA,NA,NA,NA,NA,NA,NA,NA,NA,NA,NA,NA,NA,NA,NA,NA,NA,NA,100,NA,4,0,0,0,0,0,1,0,NA,2,1,1,1,TRUE,FALSE
"146",351,NA,"2023-07-29 14:14:26","Yes",1,1,1,"",1,1,1,"",4,"",1,"",4,1,0,0,0,0,0,0,0,"",0,0,0,0,0,0,0,1,0,0,0,0,0,0,0,0,"",NA,NA,28,NA,NA,NA,NA,NA,NA,NA,NA,NA,NA,NA,NA,NA,NA,NA,NA,NA,1,0,1,0,0,0,0,0,NA,2,1,0,1,TRUE,FALSE
"147",352,NA,"2023-07-29 16:13:10","Yes",1,1,1,"",1,2,2,"",4,"",21,"No career field",2,1,0,0,0,0,0,0,0,"",1,0,1,1,0,0,0,1,0,0,0,0,0,0,1,1,"Hairbrush",NA,NA,40,NA,NA,NA,NA,NA,NA,NA,NA,NA,NA,NA,NA,NA,59,NA,98,NA,3,1,0,0,0,0,0,0,NA,2,2,2,3,TRUE,FALSE
"148",353,NA,"2023-07-29 19:32:26","Yes",1,1,1,"",4,2,2,"",1,"",14,"",7,1,0,0,0,0,0,0,0,"",1,0,1,0,0,0,0,0,0,0,0,1,0,0,0,0,"",NA,NA,NA,NA,NA,NA,NA,NA,NA,NA,50,NA,NA,NA,NA,NA,NA,NA,NA,NA,5,0,0,0,0,0,1,0,NA,2,1,1,2,TRUE,FALSE
"149",356,NA,"2023-07-30 21:24:46","Yes",1,1,1,"",4,2,2,"",1,"",2,"",7,1,0,0,0,0,0,0,0,"",1,1,1,1,0,0,0,0,0,1,0,1,0,0,1,0,"",NA,NA,NA,NA,NA,NA,92,NA,NA,NA,50,NA,NA,NA,NA,NA,31,NA,NA,NA,4,1,0,1,0,0,0,0,NA,2,3,3,5,TRUE,TRUE
"150",357,NA,"2023-07-31 06:39:43","Yes",1,1,1,"",2,1,1,"",1,"",17,"",7,1,0,0,0,0,0,0,0,"",1,1,1,0,0,0,0,1,0,1,1,1,0,0,0,1,"hair clips",NA,NA,67,NA,NA,NA,100,NA,64,NA,71,NA,NA,NA,NA,NA,NA,NA,75,NA,4,0,0,0,0,0,1,0,NA,2,4,2,6,TRUE,TRUE
"151",358,NA,"2023-07-31 17:02:20","Yes",1,1,1,"",2,1,1,"",1,"",11,"",6,1,0,0,0,0,0,0,0,"",1,1,0,0,0,0,0,1,0,0,1,1,0,0,0,0,"",NA,NA,95,NA,NA,NA,NA,NA,66,NA,41,NA,NA,NA,NA,NA,NA,NA,NA,NA,4,0,0,0,0,0,1,0,NA,2,3,1,4,TRUE,TRUE
"152",360,NA,"[not completed]","Yes",1,1,1,"",5,2,2,"",1,"",7,"",6,1,0,0,0,0,0,0,0,"",1,1,1,0,1,1,1,1,0,1,1,1,1,1,1,0,"",NA,NA,NA,NA,NA,NA,NA,NA,NA,NA,NA,NA,NA,NA,NA,NA,NA,NA,NA,NA,NA,0,0,0,0,0,0,0,NA,0,8,4,10,TRUE,TRUE
"153",363,NA,"2023-08-02 12:16:54","Yes",1,1,1,"",2,1,1,"",5,"",1,"",5,1,0,0,0,0,0,0,0,"",1,1,1,1,0,0,0,1,0,0,0,1,1,0,1,0,"",NA,NA,71,NA,NA,NA,NA,NA,NA,NA,66,NA,100,NA,NA,NA,NA,11,NA,NA,2,0,0,1,0,0,0,0,NA,2,4,3,6,TRUE,TRUE
"154",365,NA,"2023-08-02 18:51:03","Yes",1,1,1,"",1,1,4,"",3,"",19,"",7,1,0,0,0,0,0,0,0,"",1,1,1,1,0,0,1,1,0,1,0,1,1,1,1,0,"",98,NA,95,NA,NA,NA,99,NA,NA,NA,95,NA,98,NA,94,NA,100,NA,NA,NA,5,0,0,0,0,0,1,0,NA,2,6,3,8,TRUE,TRUE
"155",366,NA,"2023-08-02 20:12:06","Yes",1,1,1,"",2,2,2,"",1,"",1,"",7,1,0,0,0,0,0,0,0,"",1,1,0,1,0,1,0,0,0,0,1,0,0,0,0,0,"",NA,NA,NA,NA,NA,NA,NA,NA,NA,NA,NA,NA,NA,NA,NA,NA,NA,NA,NA,NA,1,0,0,0,0,0,1,0,NA,2,3,3,4,TRUE,TRUE
"156",367,NA,"2023-08-03 00:26:30","Yes",1,1,1,"",2,1,1,"",1,"",3,"",5,1,0,0,0,0,0,0,0,"",1,1,1,0,0,0,0,1,0,0,0,0,0,0,1,0,"",NA,NA,94,NA,NA,NA,NA,NA,NA,NA,NA,NA,NA,NA,NA,NA,94,NA,NA,NA,3,0,0,0,0,0,1,0,NA,2,1,2,3,TRUE,FALSE
"157",368,NA,"2023-08-03 10:56:39","Yes",1,1,1,"",2,1,1,"",7,"",NA,"",5,1,0,0,0,0,0,0,0,"",1,1,1,0,1,1,0,0,0,0,0,0,0,0,0,1,"none",NA,NA,NA,NA,NA,NA,NA,NA,NA,NA,NA,NA,NA,NA,NA,NA,NA,NA,100,NA,1,0,0,0,0,0,1,0,NA,2,2,4,4,TRUE,FALSE
"158",369,NA,"2023-08-03 22:00:01","Yes",1,1,1,"",1,1,1,"",5,"",1,"",7,1,0,0,0,0,0,0,0,"",1,1,1,0,0,0,1,1,0,0,0,0,1,1,1,1,"mascara; hairbrush",51,NA,79,NA,NA,NA,NA,NA,NA,NA,NA,NA,22,NA,79,NA,100,NA,100,NA,2,0,0,1,0,0,0,0,NA,2,3,2,5,TRUE,TRUE
"159",371,NA,"2023-08-05 08:59:47","Yes",1,1,1,"",2,1,1,"",1,"",11,"",7,1,0,0,0,0,0,0,0,"",1,0,1,1,0,0,1,1,0,0,0,0,0,0,1,1,"Bathtub jets",61,NA,90,NA,NA,NA,NA,NA,NA,NA,NA,NA,NA,NA,NA,NA,62,NA,100,NA,3,0,0,0,0,0,1,0,NA,2,3,2,4,TRUE,TRUE
"160",372,NA,"2023-08-05 14:52:46","Yes",1,1,1,"",3,1,1,"",1,"",10,"",7,1,0,0,0,0,0,0,0,"",0,0,0,0,0,0,0,0,0,0,0,0,1,0,1,0,"",NA,NA,NA,NA,NA,NA,NA,NA,NA,NA,NA,NA,50,NA,NA,NA,100,NA,NA,NA,3,0,0,0,0,0,1,0,NA,2,1,0,1,TRUE,FALSE
"161",373,NA,"2023-08-05 18:05:30","Yes",1,1,1,"",1,1,1,"",1,"",1,"",4,1,0,0,0,0,0,0,0,"",1,1,0,1,0,0,0,0,0,1,0,0,0,0,1,0,"",NA,NA,NA,NA,NA,NA,80,NA,NA,NA,NA,NA,NA,NA,NA,NA,70,NA,NA,NA,4,0,0,0,0,0,1,0,NA,2,2,2,3,TRUE,FALSE
"162",375,NA,"2023-08-08 08:20:59","Yes",1,1,1,"",2,2,2,"",1,"",5,"",7,1,0,0,0,0,0,0,0,"",1,1,1,1,0,1,0,0,0,1,0,1,0,0,1,0,"",NA,NA,NA,NA,NA,NA,75,NA,NA,NA,70,NA,NA,NA,NA,NA,50,NA,NA,NA,4,0,0,0,0,1,0,0,NA,2,4,4,6,TRUE,TRUE
"163",377,NA,"2023-08-09 03:20:05","Yes",1,1,1,"",4,1,1,"",7,"",NA,"",6,1,0,0,0,0,0,0,0,"",1,1,1,1,1,1,0,0,0,1,1,1,0,0,0,0,"",NA,NA,NA,NA,NA,NA,100,NA,84,NA,74,NA,NA,NA,NA,NA,NA,NA,NA,NA,6,1,1,1,1,1,0,0,NA,2,6,5,8,TRUE,TRUE
"164",378,NA,"2023-08-09 13:21:00","Yes",1,1,1,"",3,2,2,"",1,"",7,"",7,1,0,0,0,0,0,0,0,"",1,1,1,1,1,0,0,0,0,0,1,0,0,0,0,0,"",NA,NA,NA,NA,NA,NA,NA,NA,73,NA,NA,NA,NA,NA,NA,NA,NA,NA,NA,NA,4,0,0,0,0,0,1,0,NA,2,3,4,5,TRUE,TRUE
"165",383,NA,"2023-08-17 02:13:38","Yes",1,1,1,"",2,1,1,"",7,"",19,"",5,1,0,0,0,0,0,0,0,"",0,0,0,0,0,0,0,1,0,0,0,0,1,0,0,0,"",NA,NA,100,NA,NA,NA,NA,NA,NA,NA,NA,NA,71,NA,NA,NA,NA,NA,NA,NA,1,0,1,0,0,0,0,0,NA,2,2,0,2,TRUE,FALSE
"166",385,NA,"2023-08-22 10:39:16","Yes",1,1,1,"",3,2,7,"Genderfluid",1,"",4,"",7,1,0,0,0,0,0,0,0,"",0,0,0,0,0,0,1,0,0,0,0,0,1,0,0,0,"",13,NA,NA,NA,NA,NA,NA,NA,NA,NA,NA,NA,76,NA,NA,NA,NA,NA,NA,NA,1,1,1,1,0,1,0,0,NA,2,2,0,2,TRUE,FALSE
"167",387,NA,"2023-08-23 08:59:03","Yes",1,1,1,"",4,1,1,"",1,"",4,"",7,1,0,0,0,0,0,0,0,"",1,1,1,0,0,1,0,1,0,0,1,0,0,0,0,1,"Washcloth folded and put into a condom to create a dildo",NA,NA,84,NA,NA,NA,NA,NA,NA,NA,NA,NA,NA,NA,NA,NA,NA,NA,33,NA,4,1,0,0,0,0,0,0,NA,2,3,3,5,TRUE,TRUE
"168",392,NA,"2023-08-31 08:20:03","Yes",1,1,1,"",1,1,1,"",5,"",1,"",7,0,0,0,1,1,1,0,0,"",0,0,0,0,0,0,0,0,0,0,0,1,0,0,0,1,"Plant. A very stiff, smooth plant. It really looked like a dildo.",NA,NA,NA,NA,NA,NA,NA,NA,NA,NA,93,NA,NA,NA,NA,NA,NA,NA,69,NA,1,0,0,0,0,0,1,0,NA,2,1,0,1,TRUE,FALSE
"169",395,NA,"2023-09-01 20:18:08","Yes",1,1,1,"",2,1,1,"",1,"",1,"",6,1,0,0,0,0,0,0,0,"",1,1,0,1,0,1,0,1,0,0,0,0,0,0,0,1,"Lint roller handle",NA,NA,75,NA,NA,NA,NA,NA,NA,NA,NA,NA,NA,NA,NA,NA,NA,NA,66,NA,2,0,1,0,0,0,0,0,NA,2,3,3,4,TRUE,TRUE
"170",398,NA,"2023-09-07 17:46:17","Yes",1,1,1,"",2,1,1,"",1,"",1,"",2,1,0,0,0,0,0,0,0,"",1,1,1,1,0,0,1,1,0,0,0,1,0,0,0,0,"",87,NA,78,NA,NA,NA,NA,NA,NA,NA,56,NA,NA,NA,NA,NA,NA,NA,NA,NA,4,1,1,1,1,1,0,0,NA,2,4,3,6,TRUE,TRUE
"171",399,NA,"[not completed]","Yes",1,1,1,"",1,2,2,"",NA,"",NA,"",NA,NA,0,0,0,0,0,0,0,"",NA,0,0,0,0,0,0,0,0,0,0,0,0,0,0,0,"",NA,NA,NA,NA,NA,NA,NA,NA,NA,NA,NA,NA,NA,NA,NA,NA,NA,NA,NA,NA,NA,0,0,0,0,0,0,0,NA,0,0,0,0,FALSE,FALSE
"172",401,NA,"[not completed]","Yes",1,1,1,"",2,2,2,"",1,"",11,"",7,1,0,0,0,0,0,0,0,"",1,1,0,1,0,1,0,1,0,0,1,0,1,0,0,0,"",NA,NA,NA,NA,NA,NA,NA,NA,NA,NA,NA,NA,NA,NA,NA,NA,NA,NA,NA,NA,NA,0,0,0,0,0,0,0,NA,0,5,3,6,TRUE,TRUE
"173",403,NA,"2023-09-27 22:54:22","Yes",1,1,1,"",3,2,2,"",1,"",13,"",5,1,0,0,0,0,0,0,0,"",1,0,0,0,1,1,0,0,0,1,0,0,0,0,0,0,"",NA,NA,NA,NA,NA,NA,50,NA,NA,NA,NA,NA,NA,NA,NA,NA,NA,NA,NA,NA,3,0,0,0,0,0,1,0,NA,2,3,2,3,TRUE,TRUE
"174",406,NA,"2023-10-06 10:30:04","Yes",1,1,1,"",2,1,1,"",1,"",3,"",6,1,0,0,0,0,0,0,0,"",1,1,1,1,0,0,0,0,0,0,0,0,0,1,0,0,"",NA,NA,NA,NA,NA,NA,NA,NA,NA,NA,NA,NA,NA,NA,68,NA,NA,NA,NA,NA,5,0,1,0,0,0,0,0,NA,2,1,3,3,TRUE,FALSE
